ID,fertilizer,manure,PM25,SO2density,NOX,AET,PPT,TEM,WIND
101021007,0,3070.032299,16.06000004,0.042121222,1.717410191,51.96615385,53.81025641,28.16307692,3.553846154
101021009,0,12.69709374,0,0,0,43.7,45.8,30.5,3.5
101021610,0,20.72589979,0,0,0,0,0,0,0
101021611,0,2707.767235,13.81935486,858.51948,7.29841771,49.48764706,51.73411765,28.35647059,3.956470588
101031013,0,8514.830617,9.530000019,22.1973659,1.372420738,51.72245763,54.10508475,26.95042373,4.091101695
101031014,7.334459013,1005.964137,9.100000381,1.008179094,9.501282654,44,46.1,28.5,3.82
101031015,0,8648.029797,10.21034479,121.3927144,1.982623097,55.03628809,54.84958449,26.74127424,4.280055402
101031016,0,4552.220583,9.778048841,41.58599003,1.652907566,66.06885965,58.90657895,26.23947368,4.251315789
101041019,0,557.5452764,12.55000019,0.080134645,5.970324581,58.31111111,60.27777778,27.16666667,4.833333333
101041020,0,2545.774245,10.66874997,9.800743798,1.531069694,59.22664234,61.64379562,26.68175182,4.208759124
101041021,0,3.238328634,0,0,0,64.9,66,26.8,4.4
101041022,0,35.76146639,13.24444453,0.00127663,0.127620447,61.38209877,63.44691358,27.32098765,3.675308642
101041023,0,52.49849832,10.19999981,0.002659457,1.780000097,56.675,59.1,26.4,5.425
101041024,0,438.8679631,19.13571419,5.623257779,1.908685668,59.9702381,61.25595238,27.31309524,4.022619048
101041025,0,2.525694883,10.89999962,0.862988988,2.040121327,56.88333333,59.21666667,26.66666667,5
101041026,6.57716036,205.5975815,17.10000038,0.04092431,0.596171526,64.02222222,65.61111111,26.67777778,4.611111111
101041027,0,97.8401929,15.69999981,0.009384823,1.985945753,61.36875,63.4,26.61875,5.05625
101051539,92.89766168,308.6526778,0,0,0,42.3,44.08,30.38,3.42
101051540,0,28017.04549,11.07444442,280.811938,3.353431722,46.08619329,47.74497041,30.22051282,3.45581854
101061541,0,806.3557774,11.10000038,0.001110133,1.729061789,40.13333333,42.03333333,32.05,3.583333333
101061542,0,22728.42979,10.93793103,34.58069168,4.936121412,42.66993865,44.51840491,31.56533742,3.634662577
101061543,4025.149713,3065.680506,8.900000095,0.211840028,3.97720962,38.74827586,40.5862069,33.48275862,3.672413793
101061544,46459.52929,36977.45022,9.240000014,7.915461323,2.281084802,39.26097561,41.11585366,33.75731707,3.575914634
102011029,0,0,0,0,0,61.8,61.7,28.5,5.2
102011030,0,1450.359286,13.51249981,4.223726152,11.23705833,56.13953488,56.48139535,29.3372093,3.913953488
102011031,0,9.691248484,0,0,0,58.7,58.3,28.8,4.8
102011034,0,0,0,0,0,61.3,61.2,28.9,4.8
102011036,0,1.130697912,13.60000038,3.796081651,266.4807175,59.8,59.6,28.9,4.4
102011041,0,0,0,0,0,0,0,0,0
102021045,0,0,0,0,0,47.9,46.7,28.8,5.4
102021048,0,2.212476853,13.10000038,0,0,50.9,49.9,28.9,4.8
102021049,0,140.3208752,13.70000013,6.332251389,5.005697915,52.96875,52.51875,29.36875,4.23125
102021050,0,0,13.10000038,38.8353217,5485.26356,46.7,45.33333333,28.66666667,5.4
102021051,0,1.318876067,13.19999981,0.068473036,8.778625224,57.98333333,57.85,29.03333333,4.116666667
102021055,0,18.10605946,0,0,0,57.65,57.25,29.2,4.5
102021056,0,0,0,0,0,53.8,53.025,29.225,4.7
103011059,2597.213402,161.5321961,10.5,12.00664272,7.128928559,46.58333333,48.68333333,30.98333333,3.4
103011060,0,8630.337979,10.12631579,124.951026,3.101937958,49.17440758,51.36777251,30.46066351,3.607109005
103011061,0,5904.777403,10.2,5.131846168,2.029912573,55.6128655,56.60701754,28.10467836,3.694736842
103011612,0,244.2601527,0,0,0,45.7,47.8,31.5,3.4
103011613,1375.876219,92.02341296,10.30000019,6.811978125,11.25509162,45.86,47.98,31.28,3.5
103021062,0,19235.38793,5.994771244,729.8748466,1.583086742,24.91498856,26.08924485,36.52631579,3.490961098
103021063,3511.815552,1773.051449,9.23333327,3.76988914,4.784411675,41.56428571,43.51428571,35.47142857,3.257142857
103021064,0,12078.41931,9.044827659,64.51657201,3.13319472,42.52138728,44.5265896,34.68843931,3.402312139
103021065,49248.41292,12681.4948,7.922222222,406.3976301,2.514589637,30.25525292,31.6766537,36.20817121,3.427237354
103021066,33460.57288,8585.428819,8.035483853,94.07590405,2.468686202,33.12216216,34.68324324,35.34,3.467567568
103021067,1512.586556,874.5759553,8.050000191,170.9493985,14.91397236,33.96666667,35.55833333,35.79166667,3.358333333
103021068,39191.62843,9385.787265,7.398113206,5090.438571,2.485767477,32.44717608,33.97641196,35.92059801,3.415614618
103021069,80466.83326,11906.01113,6.066265043,325.9249892,2.36018765,29.04807692,30.43589744,35.91452991,3.65042735
103031070,1656.70069,21.78896378,10.25,6459.936517,1219.80053,61.6375,61.8,27.7875,3.45
103031071,0,2401.347484,10.7826087,36648.51491,180.1147589,53.46985294,54.59191176,29.12941176,3.288235294
103031072,562.1999998,323.147748,10.60000038,8.999574694,12.9681223,44.15,46.25,33.25,3.3
103031073,0,2697.670479,11.1642858,577.6509662,2.870697913,45.42592593,47.31296296,30.64074074,3.214197531
103031074,0,13458.45209,9.694805213,321.2916023,1.902842957,46.86377778,49.06377778,33.01222222,3.524666667
103041076,0,7400.012464,10.06249994,110.1807235,2.845876866,51.95714286,54.37472527,30.92087912,3.657142857
103041077,427.1586925,493.0279527,10.10000038,0,0,53.3,55.8,30.2,3.75
103041078,0,77.68927537,0,30.38328462,21.93508981,52.06,54.54,30.52,3.78
103041079,0,15917.6325,9.153488414,1046.79616,3.499781562,44.36414343,46.44023904,32.9123506,3.603585657
104011080,0,305.3044099,0,0,0,67.81666667,68.61666667,31.25,2.9
104011081,0,4702.897247,13.45064942,9.821734869,2.11819264,82.73617978,81.7658427,30.29280899,2.896629213
104011082,0,116.4009614,11.73999996,22.89358169,3.272761166,55.5075,51.285,29.1075,4.465
104021083,0,176.25355,13.16250002,1.475699755,1.799258762,129.7641509,123.5150943,29.61320755,3.29245283
104021084,0,65.81286004,15,15.25733612,45.13286648,119.9,116.4,29,4.5
104021085,0,5.089791409,0,0,0,130.4,125.75,29.25,4.35
104021086,0,242.7656679,17.46666654,5.080812188,2.954457453,137,133.9222222,29.03888889,4.022222222
104021087,0,2191.086498,13.27894743,62.78789602,2.019540229,138.0378378,133,27.44774775,3.293693694
104021088,0,0,16.39999962,13.16106918,17.98107811,120.475,118.05,29.1,4.65
104021089,0,65.26632419,16.25,15.07708171,30.18060267,127.5375,123.3625,29.5625,4.35
104021090,0,71.24865943,16.20000076,12.96209335,7.083266042,111.14,109.16,29.96,4.08
104021091,0,24.40937658,18.5,0.616085074,0.556611283,98.01333333,96.50666667,29.14,4.666666667
105011092,0,12284.57653,7.271319305,0.206926128,0.540809234,13.89772135,14.57242839,39.57366536,3.316373698
105011093,0,5302.048948,5.138248866,17.03452112,0.996516116,11.04310827,11.55852976,37.88377946,3.224410707
105011094,0,13366.01172,9.481739098,10.34725809,0.702785829,33.99148936,35.69787234,37.36671733,3.575075988
105011095,0,14592.22301,6.661928949,406.4056059,1.347135007,19.23310404,20.13972485,37.59088564,3.445829751
105011096,0,13364.56563,9.897942408,0.034228023,0.830844399,42.11980874,44.32103825,38.20068306,3.347062842
105021097,0,740.6418607,4.900000095,166.776187,83.72403045,10.09,10.63,36.18,3.84
105021098,0,25996.01066,5.775550665,12.49480959,0.405624818,17.34113625,18.24608404,38.86793884,3.355805569
105031099,0,13729.3962,8.222000046,0.451662913,1.739456315,60.47260035,63.46492147,34.49284468,3.712390925
105031100,528.7082859,75.07717701,8.699999809,1.601570026,142.1808263,33.92,35.5,35.5,3.5
105031101,107.1390458,318.8857367,0,0,0,33.1,34.6,35.8,3.4
105031102,413.0602899,267.1987163,8.349999905,1.525312595,16.32165381,32.73333333,34.26666667,35.76666667,3.433333333
105031103,0,7514.84526,8.154054075,0.266778684,1.672016584,36.11222707,37.81048035,35.37248908,3.512227074
105031104,0,8969.18289,8.533962304,0.035436411,1.368778393,38.37883959,40.18532423,35.91911263,3.719453925
105031105,0,7644.75508,8.543333364,9.397578967,1.647190114,28.27220544,29.59667674,36.5223565,3.46102719
105031106,0,12559.0118,9.141176476,3.730526429,2.202758268,40.83538462,42.75333333,34.63076923,3.497948718
106011107,0,754.5607739,12.32500005,52.79018956,22.77715733,34.71,35.085,32.125,3.175
106011108,0,3.510287804,12.30000019,0.45250565,22.94902415,35,35.225,31.525,3.4
106011109,0,157.4612069,13.98666662,0.508876902,6.525044556,44.32470588,44.49058824,30.33294118,3.285882353
106011110,0,2372.604214,12.19523816,0.109220667,1.594424192,49.37539683,45.52142857,30.79920635,3.14047619
106011111,0,0,12.69999981,0.76228643,15.87019001,33.48,33.14,31.2,3.74
106011112,0,311.8438244,12.69999981,29.54646118,20.68937296,33.2625,34.0625,33.125,2.8375
106011113,0,1478.96998,13.59000001,820.3785758,14.4491755,42.82173913,43.55695652,31.91304348,2.559565217
106021114,0,8.001354108,0,0,0,35.25,34.5,31.3,3.7
106021116,40.71566762,209.8772673,12.30000019,0,0,38.96666667,37.93333333,31.46666667,3.5
106021615,0,117.7955045,12.5,0.179393484,14.02240302,36.24285714,35.91428571,31.85714286,3.4
106021616,0,36.05221699,0,0,0,35.4,34.9,31.8,3.5
106021617,0,5.694774655,0,0,0,0,0,0,0
106021618,61.93042304,48.37116278,0,0,0,40.96666667,38.9,30.7,3.9
106031119,0,0.595580397,13,0.589169356,11.16354801,38.775,33.075,29.05,5.1
106031122,0,0.731519804,12.8499999,0.474007273,58.70103706,40.42,37.9,30.08,4.68
106031123,0,751.7670039,12.0999999,0.216516309,4.247689599,42.18461538,39.92307692,30.73846154,3.638461538
106031124,0,79.66389165,12.30000019,0.003744479,1.293489768,39.54166667,33.23333333,29.38333333,4.975
106031125,0,492.7591012,12.26666673,66.49387138,11.06703124,39.825,35.795,29.695,4.71
106041126,0,377.6970657,13,24299.75445,2798.72566,31.27857143,32.52142857,33.57142857,2.7
106041127,0,1726.473533,12.13333332,309.9779364,83.83150341,39.98579545,41.52329545,32.41704545,2.782954545
106041128,242.7321138,617.4805098,11.60000038,0.439700701,10.42942449,30.41428571,31.68571429,33.6,2.814285714
106041129,0,13078.61771,10.84459461,246.6884305,1.396990005,38.6900232,39.03225058,31.72389791,3.099767981
107011131,8.73611914,32.51369863,0,0,0,65.45,64.6,28.9,5.35
107011132,3.831610341,6.939365578,10,7.694446976,32.7355671,67.8,66.53333333,28.83333333,5.066666667
107011134,0,0.590503938,0,0,0,0,0,0,0
107011545,0,0,10.69999981,0,0,66.7,66.2,28.9,5.6
107031136,0,124.7068687,9.849999905,4.078984171,37.01220558,73.28,69.44,28.58,4.86
107031137,0,12.85536415,0,0,0,65.3,64.4,28.8,5.4
107031138,0,9.280727411,0,0,0,68.1,66.8,28.1,5.2
107031140,0,432.425465,9.75,0.001651556,3.839525674,82.1,72.23846154,27.88461538,4.8
107031141,0,53.83650556,10.80000019,0.07230361,165.5879699,66.43333333,65.26666667,28.4,5.9
107041147,0,0,12.05000019,0.045891744,23.74551156,72.86666667,71.68888889,28.15555556,5.155555556
108011151,0,1727.601485,12.0347827,0.076651034,3.645508253,42.4248,36.7568,29.8272,4.0072
108011153,0,108.6244135,12.45000005,12.64117159,8.28405902,35.05581395,30.14883721,29.60232558,4.886046512
108021155,0,209.199894,15.75,0.004263987,8.091599065,62,56.925,30.01666667,3.391666667
108021156,0,1760.926213,14.07142854,0.088617284,1.0687162,73.1199005,68.25920398,29.72139303,3.058706468
108021157,0,47.75516916,14.60000038,1.599823399,5.799555177,80.53333333,78.46666667,29.76666667,3.933333333
108021158,0,0,0,0,0,86.35,85.2,29.9,4.15
108021159,0,832.7579826,13.73076916,40.0253981,1.756158788,93.81643836,89.64246575,29.94794521,3.231506849
108041162,0,101.4558615,14.9,0.213120321,7.29496994,46.76,40.19666667,29.38,4.446666667
108041164,0,4.822746517,0,0,0,50.63333333,43.76666667,29.13333333,4.566666667
108041165,0,1650.897005,16.06153855,0.293329527,1.338330033,60.76242038,52.34394904,29.29171975,3.250955414
108041166,0,175.9098301,14.94999981,0.203679431,20.27338136,48.63,42.4,29.41,4.17
108041620,0,0.334283146,0,0,0,49.53333333,43.3,29.13333333,5.333333333
108051167,0,2116.936678,12.23199989,0.236157917,1.59248362,45.0689441,39.87888199,29.84720497,2.968322981
108051168,0,296.5030694,12.95000005,2.753425149,27.01656845,35.78181818,29.62727273,29.85454545,4.981818182
108051169,0,108.3616863,13,3.362621693,5.461213489,35.73333333,30.46666667,30.75,4.15
108051170,0,2156.89455,13.13225805,0.148638973,1.649301248,42.82702703,37.77945946,29.94810811,3.576216216
108051171,0,97.03228895,0,0.14590543,14.31591381,35.63333333,31.76666667,31.03333333,3.566666667
109011172,24.67395307,167.0110481,0,0,0,48.43333333,49.7,33.18333333,3.75
109011174,0,98.45866253,0,0,0,43.5,44.8,33.05,3.35
109011175,0,23748.03621,8.021818248,6.897521467,3.264772084,43.93587302,45.10412698,32.90825397,3.652063492
109021177,0,11607.54849,5.875362334,4.621285433,1.297997449,16.63480454,17.48827238,36.64337957,3.322446406
109021178,0,185.7853279,5.133333365,0.008050506,4.884991813,7.495238095,7.885714286,36.1952381,3.271428571
109021179,0,16513.91454,4.895661153,55.60483488,0.609628793,8.111592129,8.526690519,37.05996422,3.154525939
109031180,133.6991784,2369.837183,7.300000191,1.467366503,7.769518145,38.78,40.58,33.88,3.72
109031181,17054.60998,11039.7236,7.437777752,75.42020427,2.93694631,33.046875,34.5875,34.928125,3.81875
109031182,481.5851456,1431.598906,5.699999809,0.066791923,3.278750994,29.72857143,31.22857143,35.02857143,3.914285714
109031183,0,27046.66787,5.719565231,293.6426827,2.316915486,23.29019231,24.47346154,35.33663462,3.784134615
109031184,1356.573822,488.2692958,5.300000191,5.789458229,5.233518288,29.22,30.63,33.95,3.98
109031185,14535.39135,8161.546496,6.279591823,5.725551684,1.448216636,29.37052632,30.78175439,35.19438596,3.828070175
110011186,0,2301.742664,10.80000019,2.703436239,2.146564226,53.67142857,56.15714286,28.21428571,3.435714286
110011187,0,14548.39672,11.06315783,48.74130886,1.25997929,71.37945619,72.61903323,27.31480363,3.404531722
110011188,0,8315.433006,11.17272724,27.48081442,2.253179648,46.90944444,48.99333333,29.22166667,3.406666667
110011189,0,19699.0058,12.52727277,3.182564795,1.369667707,45.93616438,44.24164384,27.77917808,3.273424658
110021190,0,12242.31566,10.54545453,4.322362214,1.420402387,68.71137931,70.46896552,28.13896552,3.256896552
110021191,0,1125.150271,0,0,0,72.10909091,75.73636364,31.51818182,3.254545455
110021192,0,11197.45583,8.727472499,17.55774277,1.905070542,60.4484127,63.32599206,31.92043651,3.260912698
110021193,0,10149.12771,8.763636372,15.05012738,2.032948617,72.15963719,75.82471655,33.66802721,3.202721088
110021194,0,6130.632954,9.513846148,38.43331016,1.902663988,39.59296482,39.30879397,29.41030151,2.993969849
110031195,130.4791079,544.6702857,0,0,0,69.2,72.825,36,3.1
110031196,0,7709.30539,9.998360676,0.345096558,1.150181747,68.83136882,72.41787072,36.40114068,3.090209125
110031197,1103.935396,465.7175248,9.25,3.557145077,15.72969618,80.68888889,84.91111111,36.41111111,3.3
110031198,0,3832.795226,9.017857134,0.261962957,1.456091273,76.72237654,80.72947531,36.08101852,3.305092593
110041199,462.7831183,20.93285762,10.30000019,5.852351187,16.5460565,49.72,52.28,35.2,3.24
110041200,0,5260.854368,9.726923044,106.8217593,2.688809036,51.82539683,54.50063492,35.2447619,3.287936508
110041201,0,11186.0485,10.48541667,92.98978758,1.958219622,40.13527273,42.03272727,33.27818182,3.206181818
110041202,4079.144823,659.5544001,10.69999981,43.29382924,22.8135802,31.98,33.48,33.22,3.2
110041203,1551.234618,275.4182702,10.69999981,49.05990787,26.54901542,33.44,34.98,32.8,3.16
110041204,2939.132225,196.9240204,10.89999962,29.50688461,23.71214305,34.7,36.4,33.5,3.1
110041205,0,17049.44729,10.30714289,194.7377082,1.736927318,44.66728016,46.64519427,31.53169734,3.315132924
111011209,0,0,0,0,0,43,41.05,29.6,4.65
111021218,0,216.3086613,13.32500005,14.29851066,16.51346167,48.555,47.595,29.43,4.625
111021221,0,0.92541662,13,56.39593742,29.32471048,42.25,40.76666667,29.81666667,4.583333333
111031223,0,36.09043259,13.19999981,293.8730149,67.2898997,40.55,38.55,30.325,4.3
111031228,0,0,0,0,0,0,0,0,0
111031232,0,7.404119984,0,0,0,38.05,35.4,29.1,5.45
111031234,0,15.72515765,0,0,0,0,0,0,0
112011236,0,6.689440137,0,0,0,57,44.5,29.6,4.75
112011237,0,259.1896955,8.5,97.9860716,25.33487619,57.225,44.045,29.66,4.295
112011238,0,327.6782777,8.5,243.4953312,11.28417888,61.08888889,41.5,29.65555556,4.122222222
112011239,0,8.354560518,0,133.5622798,50.68883242,55.8,40,29.9,4.2
112011240,0,15.74373237,0,0,0,56.56666667,39.33333333,29.53333333,4.566666667
112011241,0,117.9148215,9.349999905,151.1417002,3.860845899,47.42962963,41.7962963,29.52222222,4.207407407
112011242,0,2.856200819,8.399999619,0,0,55.2,42,29.45,4.85
112011243,0,182.2709441,8.200000286,14.41892929,2.457170567,71.14666667,43.1,29.58666667,3.653333333
112021244,0,286.5803032,9.100000381,36.85323848,20.30069534,35.84285714,31.92857143,32.24285714,2.728571429
112021245,0,4472.194267,9.615384689,3.555933988,2.771166449,39.00328639,35.99342723,31.05915493,2.857276995
112021246,0,6.180775764,0,0,0,49.2,39.5,30.1,3.1
112021247,0,2732.450593,9.644444413,98.55326547,3.501251184,43.15145631,31.65242718,30.58543689,2.682524272
112021248,0,126.5825549,8.800000191,2.430448132,9.467880628,41.8,34.725,30.75,3.175
112021249,0,1668.716331,8.979999924,171.2768965,4.356912331,50.31304348,37.55942029,30.21449275,3.272463768
112031250,0,0,8.100000381,284.479679,131.1528821,48.5,35.1,30.2,4.4
112031251,0,72.59576358,0,0,0,61.45,38.3,30.85,3.65
112031252,0,691.1917627,8.169999933,0.54068036,4.412641014,64.51041667,38.95416667,29.95625,3.289583333
112031253,0,114.3164015,7.5,21.87859576,17.47005119,58.2,39.31,30.05,4.23
112031254,0,36.86106472,8,4.352692255,109.6998547,55.71428571,36.9,30.22857143,3.985714286
112031551,0,32.0520541,0,0,0,53.55,36.95,30.5,4.05
113011256,0,20.04939014,5.900000095,49.58484172,43.35847892,23.875,25,35.925,3.2
113011257,0,21770.98892,5.639013449,16.65691084,4.609440157,20.94714065,21.96136012,36.56236476,3.499613601
113011258,637.4267,2770.425867,6.320000076,0.113748134,5.522116887,26.29130435,27.54347826,35.67826087,3.5
113011259,32003.39269,9100.160898,6.815384617,7.274821308,1.669385714,25.84229508,27.06229508,35.74918033,3.701639344
113021260,0,7908.878676,10,6.523513192,1.295315339,84.98230769,64.44846154,27.88384615,4.127307692
113021261,0,553.3239606,0,0,0,48.6,49.93333333,33.53333333,3.566666667
113021262,0,6798.760305,10.83191488,0.44223637,2.477205004,62.13522727,55.65378788,28.98106061,3.945833333
113031263,14750.0571,9076.92464,9.052941098,8.913877579,3.813666925,38.24791667,40.02291667,34.196875,3.705208333
113031264,10450.1329,11814.35882,9.681818182,12.71426049,4.595483119,43.39312977,45.1,33.54274809,3.583206107
113031265,20932.65095,9912.963361,7.805555529,0.809239809,2.870220739,36.00619469,37.67610619,34.53451327,3.551327434
113031266,34905.81739,9782.587101,6.884374991,22.24100079,3.269518013,30.84010417,32.28333333,35.17864583,3.616666667
113031267,459.4414672,129.7130968,0,0,0,33.7,35.25,34.45,3.55
113031268,0,63.17817226,0,0,0,33.3,34.83333333,34.66666667,3.533333333
113031269,0,36.27473537,0,0,0,33.8,35.4,34.4,3.6
113031270,122.7747475,441.6848828,7.800000191,0.052847608,14.68806086,33.4,34.95,34.5,3.65
113031271,0,33101.42733,7.617708365,23.07333649,3.355401903,34.41374765,35.94783428,34.60715631,3.684934087
114011272,0,432.4361516,9.980000114,109.9997228,4.471610399,83.46,69.07666667,28.44,3.983333333
114011274,0,616.2480131,10.39999962,1.919583627,165.2541742,66.18,63.64,28.12,4.36
114011275,0,11.63677742,13.09090913,0.244539073,0.721286398,58.38861789,57.30162602,28.24796748,3.238211382
114011277,0,103.4551754,0,0,0,73.72857143,65.3,28.77142857,3.771428571
114011278,1.001273056,263.0528047,10.30000019,3.490581627,12.37319506,65.46,60.94,28.66,3.64
114011279,0,3.026804835,12,0.137595873,21.42176964,64.31666667,61.91666667,27.93333333,3.733333333
114011281,0,53.78525334,10.33333333,0.924917632,1.162466902,65.14,59.58,28.37,3.365
114011282,0,102.7733071,0,0,0,66.05,65,27.75,4
114011283,0,176.1164251,16.97142833,7.922855518,2.020214099,63.24358974,62.56666667,27.76410256,3.733333333
114021284,0,42.30224162,10.30000019,29.74512189,65.92258183,56.43333333,54.5,28.03333333,3.866666667
114021285,0,12.43795584,10.0999999,7.510692229,17.41024826,55.41818182,54.76363636,28.40909091,4.036363636
114021286,10.93004415,35.28922043,0,0,0,66.75,61.025,27.775,4.275
114021287,8.601533492,177.0000789,10.60000038,0.984581439,79.73633909,59.54285714,55.18571429,28.21428571,3.685714286
114021288,0,562.5903192,9.950000048,24.17807514,4.304010365,84.73214286,68.68571429,27.70714286,4.085714286
114021289,0,1077.611201,10.61538476,0.126916197,4.653593224,52.1025641,51.66923077,29,3.35
115021297,0,81.21037343,12.83999996,3.075937402,16.5303972,58.61578947,59.68421053,29.91052632,3.926315789
115021298,0,1.874641151,12.5,0.001115694,5.379173162,60.74545455,61.5,29.4,4.263636364
115031299,0,15.04091543,14.13181821,6.19263596,3.217966539,56.90243902,58.42195122,30.36260163,2.869105691
115031300,56.51781625,94.43237442,13.13333321,0.110381222,10.35105962,56.47142857,58.18571429,31.15714286,3.161904762
115041301,0,33.29638432,13.5,2.424639104,26.46721658,53,54.35,31.05,3.575
115041623,0,1.431562853,0,0,0,54.5,55.7,30.6,3.8
115041624,0,3.727403263,0,0.037926697,306.8046791,0,0,0,0
116011304,0,0,0,0,0,0,0,0,0
116021563,0,0,0,0,0,0,0,0,0
116021629,0,356.041067,0,0,0,52.55,53.95,31.5,3.75
116021630,0,39.5886676,13.30000019,0.247533987,121.8446204,52.45,53.8,31.35,3.65
116021631,0,0,0,0,0,52.4,53.7,31.2,4
116021632,0,0,0,0,0,0,0,0,0
116031318,0,24.59027115,0,0,0,53,54.15,31,4.05
117031644,0,0,0,0,0,0,0,0,0
118011650,0,214.7004861,0,0,0,0,0,0,0
118021652,0,0,0,0,0,61.8,61.2,28.3,4.9
118021653,0,0,0,0,0,0,0,0,0
119021362,0,15.25111771,0,0,0,0,0,0,0
119021573,0,20.6827235,0,0,0,0,0,0,0
119041380,0,0,0,0,0,0,0,0,0
120021389,0,0,0,0,0,0,0,0,0
121021404,0,0,13.19999981,0.035623191,24.25761051,62.925,63.3,28.975,4.6
121031409,0,0,0,0,0,66.9,67.1,29.5,4.4
121031410,0,0,0,7.627284322,305.3870537,70.9,71.3,28.9,4.2
121041417,0,0.060510122,0,0,0,0,0,0,0
121041689,0,24.1735189,0,0,0,0,0,0,0
122021421,0,0,13.39999962,0.325204922,79.45717627,65.5,65.66666667,28.63333333,4.7
122021422,0,0,0,0,0,0,0,0,0
122021690,0,0,0,0,0,63.5,63.5,28.7,4.7
122031432,0,0,12.39999962,0,0,67.7,68.03333333,28.73333333,4.4
123011433,0,89.4953027,0,0,0,52.9,54.1,31.6,3.8
123011698,0,19.20574863,0,0,0,0,0,0,0
123011699,0,4.45487689,0,0,0,53.3,54.3,31.3,4
123011702,0,3.32268634,0,0,0,0,0,0,0
123021436,0,0,0,0,0,63.5,63.1,28.8,4.7
123021438,0,13.46535211,0,0,0,53.45,54.25,30.85,4.2
123021441,0,15.75092912,0,0,0,55.05,55.05,29.85,4.35
123021444,0,9.303269937,14.10000038,37.76957887,164.7310327,58.06666667,58.13333333,30.06666667,4.366666667
123021703,0,6.942584423,0,0,0,51.2,52,30.9,4.1
123021705,0,26.59344594,14.60000038,0.252910016,976.1391925,52.15,52.65,30.4,4.25
123021706,0,0,0,0,0,0,0,0,0
123031445,0,222.0340284,10.19999981,220.6418283,805.9478498,54.6,54.7,29.33333333,4.166666667
123031446,0,367.5438169,11.76666673,0.233388554,30.39409293,59.84210526,59.63157895,29.57368421,4.478947368
123031447,0,156.6492504,11.6500001,7.415187666,10.86241111,53.49,54.34,29.85,3.77
123031448,0,290.1937103,13.2750001,0.194389846,11.92260917,56.96111111,58.1,30.23888889,3.516666667
124011449,0,13.97705711,11,0.029806829,5.627098862,79.12857143,79.45714286,27.72857143,3.128571429
124011454,0,0,12.69999981,4.05230096,19.13774552,69.425,71.425,30.65,3.175
124011455,0,0,12.80000019,3.208493172,31.97405838,88.45,90.15,27.7,3.3
124031459,0,7.369338062,0,0,0,0,0,0,0
124031463,0,74.06701502,12.60000038,772.5435057,87.20434011,54.54444444,56.01111111,31.5,3.566666667
124031465,5.924111433,189.9354864,0,0,0,55.46666667,56.96666667,31.33333333,3.5
124031707,0,22.49532382,12.89999962,18.08082021,48.5294592,53.63333333,55.26666667,32.06666667,3.4
124031708,0,305.1459018,12.80000019,31.26746822,129.9207851,52.7,54.2,31.8,3.6
124041466,0,71.71267141,13.19999981,111.7790979,31.94158509,51.9,53.5,31.9,3.16
124041467,0,37.58057612,0,0,0,51.9,53.4,31.7,3.4
124041468,10.68394581,227.9092935,0,0,0,52.73333333,54.31666667,31.88333333,3.266666667
124051581,0,108.2543638,0,0,0,0,0,0,0
125041588,0,83.08614666,0,0,0,0,0,0,0
127011505,0,702.1057113,12.80000019,59.09416452,21.08655401,52.78333333,53.98333333,31.16666667,3.85
127011597,0,0.078062354,0,0,0,49.7,50.7,31,4.1
127011726,9.228522023,172.1474772,0,0,0,53.18,54.44,31.34,3.7
127011728,0,36.44722105,13.60000038,16.74119169,34.77030261,53,53.93333333,31,4.066666667
127011729,0,79.26633521,0,0,0,0,0,0,0
127021509,0,0,14.10000038,116.8494211,1731.131707,0,0,0,0
127021511,0,0,0,0,0,0,0,0,0
127021518,0,102.8756362,0,0,0,53.35,54.4,31,4
127031730,0,0,0,0,0,0,0,0,0
128021537,0,0,13,32.93906802,166.8892816,65.78571429,65.11428571,28.37142857,4.957142857
201011001,233.073785,85.05751484,0,0,0,41.03333333,39.3,28.16666667,4.6
201011002,0,145.3001105,0,0,0,44,42.2,28,4.5
201011005,26.4433999,58.85503178,0,0,0,48.6,45.96666667,27.16666667,4.666666667
201011006,0,71.6861702,4.900000095,3.013031986,28.25683065,41,39.5,28.1,4.5
201011007,94.07848041,78.07856383,5,0.844478999,2.626840379,39.44,37.66,28.02,4.5
201011008,0,108.2963046,4.800000191,0.390825276,16.83373897,42.025,40.175,28.2,4.6
201011481,0,13.00178874,0,0,0,0,0,0,0
201011482,158.4272267,61.80093783,4.699999809,15.52554867,9.334499972,49.825,46.25,27.225,4.675
201021009,0,1983.832433,5.136363636,148.8077971,7.947255026,52.42666667,52.46166667,27.17333333,4.561666667
201021010,3077.309455,4832.147417,4.642857143,16.08849907,4.087323174,40.716,38.864,28.876,4.588
201021011,0,1544.716303,4.777777725,134.1203948,7.557796907,50.35178571,48.38571429,27.48928571,4.744642857
201021012,601.0806642,5245.747582,4.836363619,162.2831313,8.33069851,52.86326531,50.71428571,26.91836735,4.63877551
201031013,0,7450.284389,4.382352969,104.042844,4.565891438,34.57473684,34.68105263,30.22526316,4.569473684
201031014,7187.88696,10446.68577,4.711764672,37.42998835,2.500466733,35.90176991,35.48761062,28.92831858,4.423893805
201031015,0,3518.803804,4.699999952,5.763346687,4.454007769,34.66909091,33.93818182,28.22909091,4.203636364
201031016,9.220824204,0,0,29.41537275,34.93002368,32.2,32.53333333,30.53333333,4.5
201031017,0,5075.469918,4.182352964,6.422009748,5.112903835,31.64210526,32.01157895,31.01578947,4.468421053
202011018,0,76.61014998,0,0,0,0,0,0,0
202011023,0,0.237964274,0,0,0,36.65,37.5,30.8,4.1
202011024,0,48.65898796,4.099999905,535.5466404,60.15173761,38.36666667,39.26666667,30.9,4.3
202011025,0,8.80866581,0,0,0,35.1,36.05,31.2,4.116666667
202021026,3945.710044,2177.746453,4.228571347,11.49056336,3.951374349,37.7893617,38.55319149,30.82340426,4.389361702
202021027,0,65.1955317,4.300000191,1.037572641,27.69908671,39.7,39.75,29.875,4.425
202021028,0,5641.359458,4.328571456,3.336235084,7.012756579,38.15581395,38.46627907,30.09767442,4.498837209
202021029,1350.426969,1869.511832,4.088888857,1.551119673,4.055354669,39.86976744,40.91162791,30.9372093,4.31627907
202021030,1047.296373,2195.561913,4.819999981,12.10897597,10.77785828,47.153125,46.871875,28.128125,4.728125
202021031,0,165.2721463,4.950000048,0.122430962,7.460514442,53.41538462,52.62307692,26.7,4.830769231
202031032,0,3590.234557,4.4923077,5.254192549,3.349040844,32.8244186,34.09069767,32.1872093,4.309302326
202031033,53032.0851,17804.22529,4.553968255,2.089485393,3.267792837,26.15870787,27.23370787,32.97247191,4.417696629
203011034,1093.74887,905.7296505,4.800000032,87.023826,21.24438048,39.27272727,40.92727273,27.82727273,4.854545455
203011035,0,8566.706126,4.733333302,0.046559031,4.287106014,39.44777778,40.06888889,27.91888889,4.272222222
203011036,0,4847.608581,4.462500036,54.22932545,5.300427219,42.372,42.812,26.724,4.784
203021039,0,0,6,2.81974311,1270.596606,39.4,41.3,26.9,5.4
203021040,95.5527473,14.32143413,0,0,0,39.9,41.8,27.35,5.35
203021042,148.9320622,29.57009926,4.900000095,14.78200002,73.89430702,41.8,43.55,27.2,5
203021043,0,1591.961975,5.228571483,1.044018871,8.595982485,40.52941176,42.45882353,27.96764706,5.123529412
203021044,24.64537059,50.05606412,6.599999905,26.04099816,101.3998101,40.8,42.6,26.6,5.5
203021045,0,0,0,0,0,39.05,40.95,26.7,5.6
203021485,21.89356981,14.08686948,0,0,0,40.2,42.1,26.9,5
203021486,258.5968546,220.3177836,0,0,0,38.975,40.9,27.875,5.425
203021487,0,136.8728969,0,0,0,41.7,43.25,27,4.9
203021488,0,0,5.699999809,537.2956974,2559.814895,38.2,40.1,27.6,5.6
203031048,25.73277461,119.3672414,6,0.798444826,29.60212875,43.85,45.325,26.425,5.375
203031049,0,41.22769957,4.6,0.153586226,2.379330845,48.02592593,47.94074074,25.45925926,5.544444444
203031051,0,291.6255001,6.599999905,3.70675676,20.42888313,44.42,45.82,26.56,5.58
203031052,0,69.55631792,0,0,0,43.32,44.66,26.06,5.5
203031053,0,209.6101045,0,0,0,40.7875,42.1375,26.25,5.375
203031489,86.33387029,172.1422465,5.5,88.50034505,33.13831231,39.58333333,41.35,26.36666667,5.433333333
203031490,27.69355869,49.66977395,0,0,0,42.45,43.875,26.15,5.45
204011054,0,2775.896317,7.281818151,32.8085306,3.653830412,92.724,69.0512,28.052,4.176
204011055,0,8192.808816,5.580952372,41.99190334,5.15208961,48.22192982,48.29298246,31.61491228,4.033333333
204011056,398.7636961,1116.695215,4.560000038,4.070735882,6.41077041,49.82142857,49.71428571,29.34285714,4.375
204011057,0,5547.35042,8.614634084,0.017161347,1.95288498,98.5887931,67.63663793,27.85732759,4.176724138
204011058,3824.505595,3879.188109,4.549999952,2.157445271,5.920438717,44.79342105,45.92368421,31.67105263,4.106578947
204011059,323.1204728,148.2082737,4.400000095,0.003757541,32.27819223,41,41.925,31.475,4.125
204011060,0,3661.925418,4.299999965,0.128277505,3.746587733,45.129,45.695,30.326,4.335
204011062,0,4421.306397,5.785714252,0.070398114,3.541745296,63.01190476,59.34404762,29.175,4.261904762
204021063,1563.517626,1434.541176,6.099999905,0.229201258,7.845996229,47.49,47.83,33.12,3.83
204021064,0,6102.822471,6.404545502,0.115538325,3.654892353,52.62419355,51.36774194,31.92096774,3.791935484
204021065,1006.001991,1793.558112,7.349999905,0.203233736,6.750942824,40.46296296,42.12592593,33.42592593,3.755555556
204021066,109.5282082,99.00522748,6.599999905,0.251449328,66.14340651,45.1,46.4,33.23333333,3.766666667
204021067,0,8957.863348,7.463157942,6.719910567,3.116525076,69.18743961,59.02318841,30.99033816,3.816908213
204031068,0,282.76542,6.319999981,3.826457628,3.182184223,60.285,59.105,29.945,3.78
204031069,0,1543.430411,9.876190492,12.96747436,1.861134179,100.7068273,68.67028112,26.92650602,4.258634538
204031070,214.9713053,1273.17236,6.919999981,2.130917735,8.156835719,46.55333333,47.44,32.26333333,3.586666667
204031071,0,1347.783014,7,0.023073028,4.150276217,71.26451613,65.88709677,30.2516129,3.829032258
204031072,0,9811.837641,8.571014529,3.179267724,1.801239698,70.6473822,60.59581152,29.49947644,3.592931937
204031073,22.58386226,527.6292772,7.5,0.048939496,9.129040612,46.55555556,47.6,32.42222222,3.733333333
204031075,69.63065208,1901.780836,6.985714231,3.065611059,4.440708044,60.02926829,58.39756098,31.0902439,3.553658537
204031491,86.17916301,626.4218566,7.666666667,1.785519561,53.21064451,49.55,50.31428571,32.79285714,3.414285714
204031492,0,19.48821932,7.400000095,4.557468405,32.16711247,45.4,46.75,33,3.7
205011076,0,2458.706359,7.9,7.146072225,20.53218273,82.47368421,68.32105263,28.08947368,4.057894737
205011077,0,2475.270145,9.593333356,202.0232743,2.364262477,117.0441718,81.17852761,26.47239264,3.576687117
205011078,0,2795.825682,8.659999943,11.8919081,7.384916905,99.25666667,74.37,27.49666667,3.423333333
205011079,0,1795.117159,7.966666698,17.87533306,10.48400906,100.505,71.41,27.665,3.715
205021081,17.69110899,545.6341055,11.36666679,2.047120314,6.764491684,54.66363636,57.17272727,27.54545455,4.381818182
205021082,0,8096.550516,10.84935061,6.843051196,1.272966196,62.53718245,59.40438799,26.89491917,3.847344111
205021084,0,176.2428667,11.9000001,0.206833835,2.616962481,54.58461538,57.02307692,26.83846154,4.384615385
205021085,0,3898.830231,9.831034504,3.305385025,0.568661317,61.04330357,62.67752976,26.73854167,3.807738095
205021086,0,1052.978509,11.33333333,6.538033872,4.682792422,52.164,54.608,27.364,4.792
205031087,0,10166.03935,7.700000029,5.096367506,3.611714129,69.15333333,64.79666667,25.68888889,5.062222222
205031088,0,105.5661929,8.800000191,0.001506082,0.404564445,59.17777778,55.96666667,26.33333333,5.588888889
205031089,0,4121.130403,7.316666683,87.19891008,6.33029275,96.61714286,68.56857143,26.65428571,4.96
205031090,0,5440.852336,7.700000021,125.1735603,6.169122116,89.23913043,72.83913043,26.72173913,4.491304348
205031091,0,304.4084229,8.5,644.5258289,75.28457186,53.5875,51.75,25.875,5.5125
205031093,0,3289.736554,7.685714313,70.0414185,2.691414666,69,60.20714286,26.3047619,5.380952381
205041094,0,1056.837831,9.311111238,209610.2295,496.5820014,77.5,71.95416667,26.26875,3.879166667
205041095,0,82.04356305,10.30000019,39950.81899,2357.198492,68.8,64.95714286,28.11428571,3.4
205041096,2.561819531,338.1501885,10.89999962,6.459820418,9.090477197,59.5,59.62,28.18,3.52
205041098,0,348.1604293,10.79999971,375.6285208,3.451930129,64.46666667,64.57777778,27.96111111,3.405555556
205041493,8.482122685,872.1280309,9.900000095,253.170354,80.45820893,52.4,54.05,28.05,3.716666667
205041494,0.634401645,116.094238,0,0,0,57.25,58.2,28.05,3.45
205051099,0,98.91696409,10.51785714,0.95240446,0.197764627,81.90892857,62.55595238,26.35595238,4.020238095
205051100,0,3682.383536,11.24117638,460.877679,3.717228916,50.51935484,52.84408602,27.21505376,4.613978495
205051101,0,4820.683468,10.48888899,4.703118665,2.189215904,62.07565789,62.17894737,28.04342105,3.454605263
205051102,0,5228.654841,10.34444449,0.848271293,3.075673645,52.84482759,54.82758621,27.79482759,3.689655172
205051103,5.431026353,171.3697752,11,0.122066957,21.20286277,49.26666667,51.46666667,27.66666667,4.033333333
205051104,0,5945.390529,9.052631579,4.10689753,1.790648192,56.82991453,58.34871795,26.22051282,4.858119658
206041503,0,0,0,0,0,0,0,0,0
207011147,0,0,0,0,0,0,0,0,0
207011150,0,11.43865305,0,0,0,0,0,0,0
207011519,0,0,0,0,0,0,0,0,0
207011521,0,33.06444334,0,0,0,55.3,57.2,29.1,5.2
207031161,0,0,0,0,0,0,0,0,0
207031167,0,3.757065569,0,0,0,0,0,0,0
208011170,0,0,0,0,0,51.5,53.4,28,5.7
208021177,0,27.74161245,0,0,0,55.7,57.5,28.8,5.4
208031190,0,0,0,1338.865286,5188.226122,0,0,0,0
208031191,0,4.08768506,0,0,0,0,0,0,0
208041194,0,41.02995115,0,0,0,0,0,0,0
208041195,0,4.319920922,0,0,0,58.6,59.8,28.7,5.3
209011202,0,71.93092681,0,0,0,57,57.7,29.3,4.4
209021526,0,0,0,0,0,52.7,54.6,29,5.1
209031210,0,0.02152295,0,0,0,56.8,56.8,29,4.5
209031211,0,289.8088107,6.166666667,10.62111948,5.089264426,106.55,82.71666667,26.57222222,4.305555556
209031212,97.71012654,154.1260983,5.333333333,86.87528225,19.78424761,66.0375,62.69375,28.7,4.2
209031213,0,31.52161336,0,0,0,53.9,54.7,29.1,4.85
209031214,54.2748924,8.577523978,0,602.1401496,116.7784356,60.43333333,59.7,28.83333333,4.5
209041223,0,29.0731907,0,0,0,51.7,53.4,28.9,5
209041224,0,201.7019308,4.960000038,196.0581111,14.36737042,62.59310345,61.42758621,27.77241379,4.482758621
209041225,0,281.8942243,5.25,21.10142638,6.996874794,59.445,58.845,28.325,4.44
209041432,0,32.62436849,0,0,0,0,0,0,0
209041435,0,56.68900761,0,0,0,52,53,29,4.6
209041437,52.23541419,60.70190888,5.099999905,353.4853887,95.46011489,50.03333333,51.5,29.1,4.5
209041527,0,0.681283537,0,0,0,51.3,52.1,29,4.4
209041531,0,16.75067035,5.099999905,16.87435802,123.6488859,49.6,50.8,29.1,4.4
209041532,0,0,0,0,0,0,0,0,0
210011228,0,0,0,0,0,44.3,46.5,28.5,5.2
210021232,400.9038305,43.2757205,5.5,309.1616752,16.11151199,54.58571429,54.76428571,27.26428571,4.442857143
210021233,0,0.398495728,5.199999809,40.95049962,36.85194593,56.85,56.2,26.65,4.625
210021234,72.65571852,8.792087423,5.099999905,82.96877107,21.29297898,52.68,53.06,27.72,4.4
210021235,1090.923878,1395.536001,4.774999976,20.22895125,6.880142558,51.66944444,51.74444444,28.14166667,4.527777778
210031535,0,0,0,0,0,0,0,0,0
210041240,202.1108188,179.6154151,0,0,0,46.375,48.1875,28.875,4.4625
210041539,7.75108209,25.47388926,4.900000095,6.929982689,60.59107961,45.36666667,47.46666667,28.63333333,4.6
210041540,56.43408025,17.98014697,0,0,0,44.9,47.03333333,28.76666667,4.633333333
210041541,0,21.50995583,0,0,0,50.75,51.9,28.2,4.35
210051245,0,0,0,0,0,45.4,47.6,28.8,5.1
210051246,27.61249261,40.32622987,4.800000191,141.826521,61.52081646,44.575,46.675,28.9,4.85
210051248,0,1.650276056,5.800000191,486.3012254,512.3923231,43.3,45.4,28.7,5
210051445,236.7848923,75.16656831,0,0,0,46.9,48.64,28.86,4.5
211011255,0,18.55718514,0,0,0,71,66.4,27.9,4.4
211011259,0,0,0,0,0,62.6,61.8,28.8,4.5
211011260,0,55.48968609,0,0,0,63.2,62.9,28.6,4.6
211021261,0,0,0,0,0,63.2,61.7,28.7,4.4
211021262,0,25.77308083,0,0,0,63.775,62.05,28.775,4.275
211041271,0,3.056392986,0,0,0,61.8,61.3,28.9,4.6
211051274,40.30735885,1.849004896,0,0,0,83.56666667,68.73333333,27.56666667,4.233333333
211051275,0,1.200039817,0,0,0,64.75,62.4,29.05,4.2
211051276,0,186.6965507,6.425000072,77.99883045,11.00569775,102.5545455,74.00454545,27.83636364,4.1
211051278,84.63698182,197.7084448,5.650000095,18.8088456,28.74367927,72.9125,64.4375,29.025,4.175
211051279,329.2610255,177.4283841,6.300000191,41.8411586,30.13161959,114.875,70.175,27.5,4.35
211051280,0,0,0,0,0,0,0,0,0
211051281,0,11.29119917,0,0,0,0,0,0,0
211051282,6.421359695,4.182631307,7.199999809,79.09666331,82.41749924,125.74,75.52,26.66,4.36
211051283,0,0,6.5,229.986478,498.3804612,114,70.5,27.3,4.7
211051285,192.3740688,198.398584,5.900000095,90.8262754,19.16568373,102.6,68.91428571,28.45714286,4.228571429
211051286,0,116.0648143,7.387499928,256.3913971,11.29998932,136.1636364,85.80454545,26.33863636,4.147727273
212011289,0,184.3592715,6.700000048,249.2322233,11.51031961,115.1409091,73.85,27.00909091,4.495454545
212011546,0,8.607633634,0,0,0,64.1,61.8,28,5
212011547,67.75175039,1368.311976,7.433333238,232.4749308,15.07400122,74.79047619,65.85238095,28.1047619,4.461904762
212011548,0,2326.937194,8.274999857,31.99622063,12.42505795,64.184,59.996,27.788,5.112
212011549,0,70.17039114,0,0,0,68.7,64.25,28.1,4.95
212011550,104.2782949,1.753255297,0,0,0,66.2,63.05,28.1,4.95
212011551,16.5084295,200.0937066,0,0,0,63.4,61.2,28.1,5
212011552,0,0,8,459.7576579,236.7262967,62,60,28.1,5.1
212021299,0,14.34740133,7,374.6308371,111.2526425,70.2,65.33333333,27.96666667,4.6
212021554,0,0,0,0,0,63.1,61.7,28.1,4.9
212031303,0,206.3252109,0,0,0,59.16,58.16,27.7,5.28
212031304,0,8.503612623,0,1372.158484,963.5951264,60.6,59.5,27.9,5.1
212031306,0,0,0,0,0,60.3,59.4,28.1,4.7
212031308,45.60837598,220.3090123,8.400000095,701.8458879,64.89649902,56.64285714,55.9,27.54285714,5.957142857
212031457,0,0,0,0,0,0,0,0,0
212031555,0,14.50322999,8.600000381,1671.230255,1824.551206,0,0,0,0
212031556,65.17799082,0,0,0,0,61.05,59.75,27.95,4.95
212031557,0,3.531691998,0,0,0,60.9,59.6,27.8,5.1
212031559,0,1.322023743,0,0,0,0,0,0,0
212031561,0,0,0,0,0,0,0,0,0
212041309,0,0,0,0,0,56.5,58,28.6,5.3
212041310,0,22.07351226,0,0,0,0,0,0,0
212041313,0,0,0,0,0,54.3,55.4,28.5,5.2
212041459,0,0,0,0,0,0,0,0,0
212041564,20.58927143,161.165411,0,0,0,56.93333333,56.73333333,28.03333333,5.166666667
212041566,0,5.636227889,0,0,0,55.7,55.8,28.1,5.2
213031351,0,0,0,7182.020958,4208.221163,46.7,49,28.7,5.5
213041353,0,29.97370924,5.149999857,6361.153496,79.13656857,43.23333333,45.11666667,28.525,4.241666667
213041358,0,0,0,0,0,41.1,43.1,28.5,4.4
213041359,0,299.6592752,5.300000191,178.8156769,14.87242691,42.8,44.88571429,28.4,4.742857143
213041572,0,0,0,0,0,41.3,43.3,28.4,4.6
213041574,0,50.64820124,4.900000095,98.54234517,37.03512116,42.75,44.85,28.475,4.7
213041576,23.90154258,26.13159584,5,53.46526674,8.210768815,44.57142857,46.57142857,28.54285714,4.414285714
213041577,0,7.875625117,5,0,0,41.2,43.2,28.4,4.4
213051368,60.1067877,129.0784931,0,0,0,42.6,44.66666667,27.53333333,5.55
213051466,0,0,0,0,0,0,0,0,0
213051468,33.91990782,61.5072311,5.400000095,10.94895713,5.403022648,40.71111111,42.74444444,28,5.088888889
213051582,0,16.19428588,0,0,0,42.03333333,44.1,28.3,4.766666667
213051586,0,0,0,0,0,0,0,0,0
213051589,8.644227102,33.77172832,0,0,0,41.675,43.725,28.225,4.725
214011370,58.38348713,0,9.100000381,3154.266349,532.0290927,56.2,56,27.7,5.2
214011374,285.6671922,38.78334362,0,0,0,58.63333333,57.66666667,27.36666667,5.333333333
214011376,0,46.56013512,0,0,0,57.9,57.3,27.8,5
214021377,0,7.959306556,0,0,0,58.3,55.5,25.35,5.7
214021378,0,677.5025443,6.625,10472.09126,78.09927028,54.79444444,52.57777778,25.5,5.572222222
214021379,0,253.1692778,7.25,637.7646299,58.14778019,53.4375,52.1875,26.375,5.6125
214021381,152.4197454,0,0,0,0,56.7,55.8,26.9,5.5
214021382,107.3523125,0,0,0,0,53.05,52.1,26.55,5.5
214021383,0,1.534806612,0,0,0,46.82,46.86,24.98,5.4
214021385,0,437.9447916,8,2122.427515,108.2860731,56.05714286,54.97142857,27.17142857,5.4
214021591,0,0,0,0,0,55.4,54.9,27.1,5.3
215011386,638.9588603,880.6762801,4.25,154.3043909,10.96492533,32.61111111,32.15555556,29.65555556,4.5
215011387,0,19555.49582,4.585365912,109.900588,3.119103563,31.82510638,31.09702128,29.00978723,4.367659574
215011388,2013.016505,265.8674222,0,0,0,20.65,20.93333333,32.38333333,4.333333333
215011389,49689.36343,8973.525109,4.426666636,1624.204261,3.577800441,19.62248996,19.21124498,31.88192771,4.346987952
215011390,0,11014.007,4.671171175,319.2364558,1.691154087,12.49216,12.65696,33.47152,4.21232
215011391,32787.66811,7644.731679,4.293750033,84.86511469,3.622336675,25.15649718,25.61412429,31.96949153,4.494915254
215011392,0,7351.995453,4.236666648,907.1493862,3.74549281,27.89493671,27.37974684,30.48924051,4.505063291
215011393,0,22097.31689,4.239285725,99.38141201,2.120657833,16.87607362,15.57638037,31.26441718,4.235276074
215011394,0,3648.269027,4.85000002,662.5545016,3.434364894,12.88119048,13.35,33.95071429,4.191190476
215021395,581.5698274,107.7545635,0,0,0,8.02,8.42,35.56,3.2
215021396,1813.839792,0.115519324,4.800000191,69.87502292,8.664868684,7.9875,8.3875,35.7375,3.2625
215021398,0,5381.955255,4.539732161,789.4443578,1.156564734,7.736219817,8.123313905,35.39483764,3.764862614
215021399,0,13.56844279,5.049999952,601.574204,10.15030046,8.021428571,8.421428571,35.83571429,3.221428571
215021469,0,256.8455802,4.800000191,374.5535017,93.27004406,7.8,8.2,35.7,3.3
215021470,672.2456438,76.06322388,0,0,0,8.25,8.65,35.6,3.2
215031400,87043.88936,8025.465381,4.932911372,434.9146422,2.812743779,17.41555076,18.26565875,34.15291577,4.24838013
215031401,28236.47824,5145.897792,5.099999971,383.57747,3.242995707,21.85619048,22.99428571,34.34095238,4.059047619
215031402,790.9224775,302.8528163,5.199999809,2.836836057,2.710270886,22.76666667,23.95555556,34.33333333,4.044444444
215031403,1351.115982,4.165254451,5.150000095,67.89875136,6.624992143,8.955555556,9.455555556,35.41111111,3.244444444
215031404,574.2743292,192.4861317,5.099999905,0.947182801,1.79688749,17.4375,18.3375,34.85,3.7875
215031405,65131.8694,2011.284165,5.136842117,369.7314025,3.539344765,12.90462963,13.57469136,35.25216049,3.733950617
216011406,758.1283114,565.4746204,5.149999857,751.0433832,17.87647115,29.92307692,31.34615385,33.63076923,3.938461538
216011407,3107.971021,3380.640448,5.225000024,19.86341174,4.197656734,31.56511628,33.07209302,33.01627907,3.741860465
216011408,10554.41587,4230.932411,4.931250006,38.19918862,2.249853807,28.86734694,30.28061224,33.52142857,4.125510204
216011409,1609.497119,1373.699213,4.950000048,19.8553157,6.600692751,33.12352941,34.71176471,33.00588235,3.888235294
216011410,8421.480458,4196.678937,4.813333321,34.75194398,2.533977027,39.03368421,40.55052632,32.3,4.173684211
216021411,256.0244704,108.8231194,6.099999905,4.213318144,4.125884398,33.9,35.525,33.6875,3.525
216021412,8618.915924,4200.596899,6.637499958,86.59389797,3.949419099,36.70731707,38.36707317,33.74512195,3.834146341
216021413,10717.16066,5985.563093,5.560000038,389.6452428,3.024333673,30.70444444,32.18,33.76222222,3.885925926
216021414,702.1251275,164.5252652,0,0,0,34.33333333,35.93333333,33.91666667,3.766666667
216031415,30.89041816,27.13780306,5.5,133.2636538,45.24384865,39.9,41.73333333,32.5,3.7
216031416,468.2757888,237.9965897,0,0,0,40.86666667,42.73333333,32.73333333,3.566666667
216031418,4775.505845,3258.224588,5.725000083,138.9468878,2.545346092,37.73333333,39.30144928,33.12898551,3.947826087
216031419,1804.4092,3704.080821,5.208333294,289.4977287,4.982029019,37.49830508,39.1559322,32.57627119,3.76779661
216031593,477.9201198,68.26812808,0,0,0,39.85,41.5,32.65,3.775
216031594,0,91.56126777,5.599999905,139.8323236,37.24160535,41.46666667,43.2,32.53333333,3.8
217011420,0,28263.78798,3.985714282,74.04291242,2.21018895,27.55482955,22.49517045,27.20625,4.704545455
217011421,113.7197359,2342.459299,4,113.171685,15.58871448,29.11666667,24.80833333,27.91666667,4.408333333
217011422,0.014979715,484.0578231,3.799999952,2.480400908,6.200366784,29.54,26.42,24.8,5.86
217011423,0,57970.87929,4.1253731,74.08930873,2.426604601,26.75615385,23.51435897,28.67153846,4.426923077
217031471,7.142416721,541.3693488,4.199999809,3.345247211,4.122037092,39.45714286,37.12857143,27.57142857,4.228571429
217031472,14.00901479,116.9149726,4.199999809,329.4328713,26.63739311,43.43333333,41.7,26.26666667,4.366666667
217031473,0,8787.272899,4.440000021,163.0302669,3.547895053,41.97350427,40.98803419,26.8042735,4.395726496
217031474,0,12567.21498,4.56521736,115.8400729,3.219610384,34.94,33.88967742,28.33677419,4.034193548
217031475,0,11579.15216,3.604999995,287.4331448,3.952673004,44.10582524,40.59708738,26.2631068,4.847572816
217031476,0,691.9592471,4.666666667,12.70381071,3.250794912,60.26483516,56.63956044,24.99120879,5.140659341
217041477,0,27801.92523,3.893939379,698.5351188,4.104475136,31.8890625,29.43541667,27.340625,4.5671875
217041478,0,15203.06487,3.686956509,3070.455683,15.14470944,31.75702479,28.3785124,26.19669421,5.175206612
217041479,1.146757676,455.4004007,0,0,0,35.55,30.55,26,5.85
217041480,0,650.9098137,3.533333302,359.663184,36.87547812,36.72857143,31.51428571,26.12857143,5.885714286
301011002,0,0,7.800000191,0,0,33.6,26.9,30.75,4
301011003,0,0,0,0,0,33.3,25.7,30.4,4.1
301021009,0,404.1749504,0,0,0,34,26.75,30.55,4.3
301021011,0,605.6668655,0,0,0,34.025,25.975,30.5,4.05
301021012,0,0,0,0,0,32.8,26.1,30.5,4.2
302021030,0,0,0,0,0,0,0,0,0
302031035,0,3.348432325,0,0,0,0,0,0,0
303031060,0,0,0,0,0,0,0,0,0
303031062,0,0,0,0,0,0,0,0,0
303031064,0,61.34449511,7.199999809,721.4285331,192.9919648,34.2,26.36666667,30.7,3.733333333
303051074,0,0,0,0,0,26.65,23.45,31.55,3.25
303061078,0,1.901825584,8.199999809,4233.04188,3537.339559,31.5,25.5,31.1,2.9
304021087,0,0.365130367,7.5,15.04628731,14.64211795,29.63333333,25.23333333,31.16666667,3.8
304021091,0,0,0,0,0,25.8,24.2,31.6,4.3
304041102,0,0,0,1295.370305,778.090113,31.2,26.1,31.15,3.4
304041104,0,0,0,0,0,33.6,27.3,31.1,3.4
305031124,0,0,0,0,0,0,0,0,0
306011139,0,0,8.800000191,152.4083601,37.37824883,171.5,574.2,32.125,5.3
306011141,0,13.00556595,7.699999809,0,0,170.1,688.75,32.1,5.1
306011142,0,0,0,0,0,176,555.4,32.7,5.3
306011143,0,0,0,0,0,176.3,638.9,32.7,5.4
306021147,0,0,8.899999619,1142.8059,564.5403773,175.9,694.4,32.6,5.4
306021148,0,9.391404853,8.300000191,268.6952179,7.463417007,168.71875,571.5625,31.74375,5.18125
306021150,0,2.356979472,7.900000095,107.666316,2.853653552,164.85,621.725,31.11666667,5.275
306021151,0,0,0,0,0,0,0,0,0
306021152,0,0,0,0,0,0,0,0,0
306031158,0,215.7700132,8.300000191,507.0081195,3.588156474,169.3848485,637.4424242,31.83636364,5.145454545
306031159,0,63.13859487,0,0,0,167.2666667,632.5666667,31.8,4.966666667
306031160,0,584.5945545,8.172727325,872.5110197,3.092164613,165.315625,626.0109375,31.4515625,4.7109375
306031161,0,894.4774893,8.546428612,57.05643785,0.713110821,168.5862745,564.0444444,31.91176471,4.518300654
306041164,0,267.1932586,8.005882403,125.4688551,1.086812002,165.4660377,576.840566,31.35660377,4.996226415
306041165,0,0,8.800000191,471.9792552,9.928907617,168.8777778,459.4888889,31.68888889,5.244444444
306051166,0,576.7252896,7.5,369.9277147,5.442755666,155.9,463.8363636,29.93636364,3.945454545
306051167,0,3653.174905,7.576543184,232.5583648,0.323353546,163.2557895,339.8273684,30.90252632,3.286736842
306051168,0,35.30971887,7.425000072,469.4636429,3.502229523,163.1142857,523.5428571,30.91785714,4.942857143
306051169,0,2269.442291,8.425000032,97.73450728,2.663656004,154.9483333,527.3866667,29.78166667,4.395
306051170,0,268.1008272,7.199999968,152.4634005,4.035434465,158.9043478,442.4869565,30.46521739,4.117391304
307011171,0,16096.22985,7.170408192,119.4500158,0.519415682,38.31544073,40.29580547,37.86291793,2.995440729
307011172,0,5295.194716,5.85362319,8275.071201,3.208174459,46.62256532,48.80261283,34.18622328,3.305225653
307011173,0,1274.35172,8.933333185,67.83590084,1.581811433,44.55454545,46.79090909,35.66136364,2.920454545
307011174,0,16145.43964,7.611728424,1014.645171,1.323114989,44.43877551,46.67841031,35.29194415,3.110633727
307011175,0,17493.85973,6.232075484,7161.106264,3.391321713,59.39185668,62.3728013,35.36889251,3.39218241
307011176,0,2872.823799,7,199.2313459,29.81023301,37.2,39.175,36.4,3
307011177,0,36901.59161,6.065160084,3969.795769,0.494978667,30.57566155,32.1572362,36.19513231,3.0745508
307011178,0,8988.889424,6.800826459,1482.318379,1.773245562,41.79609827,43.87182081,35.32962428,3.172109827
307021179,0,6831.035807,6.406896575,1079.304621,2.390278647,20.03941176,20.31647059,31.52588235,2.932352941
307021180,0,10564.52812,7.213636333,321.1846899,2.094153335,17.99217391,18.74347826,32.86956522,3.075652174
307021181,0,6730.851461,6.822500038,5782.593037,5.017182786,23.36763485,24.47925311,33.28091286,3.283817427
307021182,0,1842.496364,7.462500036,272.2165138,3.37023964,17.42105263,18.16842105,32.22807018,2.984210526
307021183,0,10537.89617,6.677358501,1853.833778,2.953669426,24.93605442,26.04387755,33.51190476,3.205442177
307031184,0,2143.890731,7.018181844,827.1135507,3.193182955,16.88615385,17.39076923,31.31692308,3.009230769
307031185,0,2781.237484,8.473333454,258.990601,3.347291857,20.81428571,20.51904762,30.18928571,3.017857143
307031186,0,2648.126861,7.662962984,279.2061449,2.346902376,18.2993007,18.92587413,31.24965035,3.204195804
307031187,0,88.82819326,0,0,0,25.5,25.76666667,29.03333333,3.433333333
307031188,0,1525.93685,8.274999956,133.6632768,1.912782098,28.61884058,29.3557971,30.23188406,3.479710145
307031189,0,309.5963091,8.199999809,3.040453369,2.831155516,16.78,17.31,31.66,3.08
308011190,0,16492.77208,6.321301762,7082.202223,1.583897542,54.57586569,56.70335782,35.62528856,3.588142707
308011191,0,40064.2911,6.207988977,1004.180075,1.137749691,54.17729831,56.96177298,36.0261257,3.458020638
308011192,0,346.8385947,0,0,0,52.1,54.8,36.75,3.45
308031206,0,923.5411539,6.616666595,94.97650276,1.773283696,80.02253521,81.96619718,33.13802817,5.352112676
308031207,0,4.474106066,6.099999905,0,0,82.7,84.5,32.4,6.05
308031209,0,176.4089596,6.100000143,5.358283357,1.461826503,75.65555556,75.85555556,33.04444444,4.322222222
308031210,0,767.4757023,6.099999905,156.6442655,6.645125693,74.55,75.7875,33.625,4.575
308031212,0,109.6471796,5.940000057,89.17381051,0.852039685,72.272,74.056,32.656,4.576
308031213,0,16.77899943,5.900000095,94.41522027,59.43746196,78.65,79.55,31.9,4.7
308031215,0,9.987574607,0,0,0,84.3,85.3,33.2,4.15
308031216,0,1.438487739,6.900000095,31.10556412,40.76919253,85.4,86.5,33.5,4.4
308031217,0,10.54660179,0,0,0,81.53333333,82.56666667,33.43333333,5
308031218,0,207.0969079,5.980000019,309.2548262,1.751733343,87.66060606,89.48787879,32.56969697,5.054545455
308031219,0,14647.25156,6.704477595,322.765408,1.029791306,73.76233766,73.64363636,33.20363636,4.808051948
308031220,0,3396.599361,6.397297344,34.54577248,0.9762314,63.1739726,64.37305936,33.97123288,3.868493151
308031222,0,0,0,0,0,98.2,100,33.5,4.1
308031223,0,5.596567177,6.599999905,230.2758019,23.13526631,83.025,84.475,32.1,5.125
308041528,0,35850.9493,6.039230761,44605.83958,4.798156142,64.21292517,66.95428571,34.91734694,3.514285714
308041529,0,896.0523367,0,0,0,66,68.1,34.9,3.5
308051530,0,2297.024759,5.868571418,159.0297396,1.045601789,114.9162304,119.7361257,32.22565445,4.247120419
308051535,0,4543.95593,5.903636369,11293.78539,6.010064553,95.69634146,99.76189024,32.62865854,4.753353659
308051536,0,153.943999,0,0,0,0,0,0,0
309021231,0,10.03478974,0,0,0,0,0,0,0
309031238,0,0,0,0,0,0,0,0,0
309041241,0,38.39481108,8.25,9.269900755,4.102325381,63.72,36.26,29.34,3.6
309041242,0,178.8003941,7.760000038,52.65491846,6.924658264,58.91428571,33.53571429,28.85357143,3.360714286
309051243,0,8.980318422,7.900000095,44.77388547,8.228292252,69.05,38.56666667,29.85,3.8
309051244,0,0,7.900000095,57.01052185,161.03123,52.825,34.675,30.225,4
309061248,0,3.471256627,7.5,77.91382496,25.41616132,42.23333333,31.26666667,30.46666667,3.666666667
309061250,0,0,0,0,0,45.1,33.3,30.9,3.3
309071251,0,0,0,0,0,35.2,27.6,30.8,4.1
309071254,0,49.74133462,8,29.42640995,7.578332649,35.5625,27.0875,30.5375,4.4875
309071256,0,4.829793406,0,0,0,39.25,29.05,30.85,3.85
309071552,97.52973902,4.156820368,0,393.3345978,221.9073725,36.6,27.5,30.9,3.4
309071553,159.1539874,1.509625207,0,0,0,35.33333333,27.5,30.86666667,3.6
309071554,0,9.055862636,7.699999809,0,0,34.75,27,30.8,4.1
309071556,0,3.710479971,7.300000191,70.26540939,32.09525728,40.4,30.3,30.03333333,3.633333333
309071558,0,7.320234323,0,0,0,37.3,28.25,30.55,4
309091540,0,7.546866964,0,0,0,38.1,28.6,30.8,4
309101562,0,1.764586929,0,0,0,38.4,29.8,30.7,4.3
310011271,0,76.39585,0,0,0,0,0,0,0
310011272,0,0,0,0,0,0,0,0,0
310011274,0,0,8.199999809,789.9712231,1446.042149,23.7,21.2,31.7,3.2
310011275,0,0,0,0,0,23.4,21,31.7,3.5
310011276,0,28.20569131,0,0,0,23,21.3,31.7,3.6
310021277,0,3013.080959,7.639999986,247.4463794,3.603888454,22.99652174,22.47217391,31.86173913,2.692173913
310021278,0,2347.239767,6.564705877,58.32051206,3.628890407,23.17669903,21.85242718,31.87961165,2.749514563
310021280,0,457.2720513,7.242857184,111.3001218,4.10407453,19.91351351,19.69189189,32.31351351,2.705405405
310021281,0,599.0415513,6.960000038,2145.395529,19.3550768,21.29642857,20.45,32.38928571,2.703571429
310021282,0,626.8992348,6.920000076,1184.404412,7.338692936,20.16944444,19.85,32.57222222,3.041666667
310031284,0,0,0,0,0,22.05,21.5,32.15,3.4
310031285,0,9.81067524,0,0,0,22,21.5,32.5,3.1
310031288,384.3669887,10.84814911,0,0,0,21.35,20.6,32.25,3.65
310031289,0,1.891753022,0,0,0,22.9,22.1,32,3.5
310031290,155.3482382,5.364609876,7.199999809,36.53021742,12.74250836,23.24,22.1,31.98,3.88
310031292,0,0,7.5,213.4510889,338.0078519,0,0,0,0
310031295,0,0,0,0,0,0,0,0,0
311011305,0,3414.614483,8.213333257,160.4911326,5.758731131,29.27325581,24.97906977,31.24418605,2.66744186
311021307,0,0,0,0,0,0,0,0,0
311021310,0,12.38760776,7.300000191,203.0410406,134.7040879,32.1,25.4,31.1,3.4
311031311,862.0830498,4.578323877,0,0,0,27.5,23.65,31.6,2.35
311031312,0,11.29390495,0,0,0,0,0,0,0
311031313,2066.265951,61.48639,0,0,0,27.8,24.05,31.7,2.1
311031316,0,0,0,0,0,0,0,0,0
311031317,0,0,0,0,0,28.7,24.1,31.4,3
311031318,0,0,0,0,0,26.5,22.3,31.6,2.2
311041322,2386.487573,95.41730925,7.400000095,16.54927778,31.35671476,31.1,25.65,31.225,3.175
311041567,0,15.92346121,0,0,0,25.5,24.7,32.1,2.6
311041568,0,0,7.300000191,0.907470378,1.547987713,23.3,22.8,31.79090909,3.318181818
311041569,546.7448944,4.583015641,7.599999905,20.01896119,22.96951205,26.1,24.5,31.9,2.5
311041570,91.48706457,149.1129039,7.450000048,5.583543596,16.47825169,27.1,24.64,31.78,2.91
311041571,0,0,0,0,0,29.2,24.5,31.3,3.3
311051323,0,9.541420426,0,278.2820699,1395.128582,0,0,0,0
311051324,0,233.9860531,7.300000191,79.02010355,91.98033205,34.2,26.9,30.85,4
311051325,0,0,7.5,0,0,32.2,26.4,31,3.5
311051328,0,0,0,0,0,0,0,0,0
312011337,0,468.2784366,0,3.627410423,10.17385579,61.93333333,60.2,33.16666667,6.066666667
312011338,0,23892.71964,6.50737703,2729.79417,1.881410733,57.22086895,57.4462963,34.28105413,3.974145299
312011339,0,23666.77369,6.247899152,1323.423293,0.822747916,56.69622238,59.64176764,36.29757662,3.331004989
312011340,0,12759.72163,6.395604396,2976.561156,2.456370888,45.70037736,45.85962264,34.3509434,3.893301887
312011341,0,3164.584891,6.549999969,726.5978046,3.339833463,42.77857143,44.7525974,35.50974026,3.474675325
312021344,0,29.55856228,0,0,0,110.15,98.9,32.3,4.7
312021346,0,11.34925906,0,0,0,117.8,111.7,32.5,4.4
312021348,0,53.48341481,0,0,0,115.1,104.65,32.5,4.5
312021349,0,0,0,0,0,0,0,0,0
312021350,0,25.18581137,7.5,14.97247598,127.7376895,92.775,86.275,32.575,5
312021351,0,888.2398439,6.910000038,2.951356167,2.215960102,112.7564516,92.54193548,32.26129032,3.982258065
312021352,0,2333.2626,7.523076938,3.854016503,3.345254179,99.94936709,96.92531646,32.59240506,4.978481013
312021353,0,2069.979607,7.311764661,68.60814835,2.256692904,106.607767,86.10873786,32.5038835,4.877669903
312021354,0,0,0,0,0,0,0,0,0
312021357,0,511.706287,7.099999984,0.702579239,3.497485905,107.3846154,100.4076923,32.75384615,4.442307692
312031359,0,11.47705469,8.5,169.7013816,30.80545658,85.7375,65.975,32.19375,6.4375
312031361,0,1975.137937,6.977777746,5.793506671,0.994107172,85.61553398,65.64660194,32.53009709,5.534951456
313011362,0,42.73364051,6.900000095,4.923345373,10.53781352,36.88333333,29.1,30.61666667,4.4
313021364,0,61.23668121,0,0,0,34.4,28.8,31,4.3
313021367,0,845.3679346,6.699999809,23.24738226,25.22474096,42.15,32.25,31.025,3.325
313021368,0,0,0,0,0,39.5,29.9,31,3.6
313021369,0,117.5739044,6.350000143,13.05881169,20.20302875,37.125,29.15,31.225,2.425
313021572,0,11.80870895,6.800000191,171.2813608,132.7025008,38.46666667,29.73333333,31.03333333,4.2
313021573,0,79.02505826,0,0,0,37.6,29.2,31.3,2.7
313031370,0,2699.737562,6.121428541,49.57166713,2.338548609,27.51917808,25.63630137,31.50068493,2.789726027
313031371,0,576.8387077,6.400000095,14.87038294,4.969158805,35.89655172,29.15862069,30.36551724,2.689655172
313041372,0,0,0,0,0,37.2,29.85,30.95,3.05
313041373,0,0,0,0,0,35.9,29.5,30.8,3.9
313041374,0,0,0,0,0,37.5,28.9,31.2,2.5
313041375,0,0,6.399999857,17.468944,228.4226844,36.8,29.7,31,2.8
313041376,0,3.002252966,0,0,0,38.4,30.4,31.05,2.55
314011382,0,0,0,0,0,32.3,25.6,31.1,2.8
314011384,0,111.2459553,6.75,29.18057673,9.5582626,35.03,28.565,30.66,3.13
314011385,0,0,0,0,0,34.6,28.1,31.1,2.8
314011387,0,7.923958499,7.199999809,5.089596929,9.755062575,35.4,28.05,30.5,3.275
314021389,0,26.87107687,0,0,0,32.55,27.45,30.8,4.2
314021577,0,0,0,0,0,0,0,0,0
314031394,0,0,0,0,0,0,0,0,0
315011396,0,6732.886357,6.586339377,681.1633403,0.437460756,164.2647469,394.6486794,33.1972854,2.727989729
315011397,0,27271.33067,5.927474391,81.75398739,0.220902738,133.7823877,146.189805,35.78259456,2.363238771
315011399,0,2.277028513,7.559999943,18.62263141,1.421734266,139.2959184,552.4877551,31.16122449,3.332653061
315011400,0,10364.4203,5.821846847,2835.68657,0.47224582,183.1154116,320.5320718,34.37538041,2.709910261
315021404,0,33579.4664,6.266460272,5336.56454,0.225347972,116.6825208,150.9247651,35.99959227,2.216096437
315021405,0,695.947293,0,0,0,8.3,8.5,37.93333333,2.4
315021406,0,24968.13193,6.243191193,85909.41705,0.966867684,13.98407143,14.51402381,38.52680952,2.35802381
315021407,0,45849.73465,6.709894745,2489.85745,0.302807841,21.31031365,22.3400369,37.75068266,2.515073801
315031408,0,40540.50246,5.899864679,17861.08272,0.54427475,38.68606174,40.69756782,37.48224977,3.101005613
315031409,0,17924.60951,5.861725076,294.4682884,0.415334213,6.765198864,7.003598485,37.23030303,3.00407197
315031410,0,31225.415,6.931234372,1952.202679,0.351057779,24.72440973,26.01901814,40.73642384,2.819795566
315031411,0,22220.57291,6.233562825,826.5546001,0.363115769,20.85385624,21.87547132,40.40744027,3.274190947
315031412,0,12379.94642,5.773130183,62.14627745,0.310097186,36.00043436,37.88812741,39.34309846,3.017567568
316021580,0,0,6.800000191,179.6375448,122.0717606,49.33333333,36.76666667,30.7,3.933333333
316021581,0,10.79212048,0,0,0,45.6,35.4,30.6,4.5
316031425,0,0,0,0,0,42.35,36.5,30.65,4.65
316031426,0,0,6.900000095,182.3817124,69.68697921,44.65,35.35,30.8,4.55
316061439,0,1734.027112,6.699999809,10.20119318,8.400275682,46.05,33.4875,30.5375,3.025
316061440,0,499.2945366,6.519999981,75.00603544,6.870861519,44.92,32.78,29.972,2.888
316061441,0,80.03860689,6.5,120.3678783,17.23627311,44.54545455,33.1,30.59090909,3.354545455
316061442,0,6.549053806,6.400000095,47.63127174,10.00711044,51.9,35.33333333,30.48333333,2.7
316061443,0,613.8513658,6.299999905,25.68661918,5.197184736,48.74230769,35.56153846,30.09230769,3.273076923
316061444,0,18.52532984,6.400000095,287.0293337,37.64048269,52.65,36.16666667,30.46666667,2.7
316071545,0,14.77393009,6.5,0,0,47.8,37.6,31,3.85
316071546,0,0,0,0,0,48.9,38.4,30.95,3.8
316071547,0,331.5106393,6.400000095,232.4997171,20.62442761,51.74,39.76,30.8,3.36
316071548,0,272.7878987,0,0,0,50.1,37.2,30.775,3.025
316081549,0,232.8798165,6.475000024,218.0728845,4.809978903,51.58863636,41.86363636,30.675,3.875
317011445,71.79599446,231.7380019,6.850000143,254.9975446,13.36264953,17.24166667,17.675,31.08333333,3.066666667
317011446,166.816276,0,0,0,0,0,0,0,0
317011447,0,14.62284166,0,0,0,20.2,20.2,30.2,3.2
317011448,0,123.1827069,7.199999809,48.80165678,26.5077216,19.23333333,18.9,33,2.733333333
317011449,16.00659473,523.7931317,6.599999905,121.9947891,12.30337654,17.6,18.03333333,31.16666667,3
317011450,68.91697122,127.7952224,6.400000095,1.08377792,2.621451142,19.4375,19.4125,30.7875,2.8875
317011451,0,648.486234,6.966666659,256.1802684,3.596061946,18.84375,18.71625,31.64875,2.79
317011452,0,20.01166225,0,0,0,0,0,0,0
317011453,0,21.1706364,0,0,0,20.3,20.2,30.4,3
317011455,0,6.034094082,0,0,0,0,0,0,0
317011456,0,13.90420291,7.400000095,955.8550952,1063.845628,19.5,19.5,30.5,3
317011458,0,141.3044133,6.950000048,12.42973559,5.798816261,17.88571429,18.31428571,31.01428571,2.971428571
317011459,0,0,0,0,0,19.4,19.5,30.6,3.1
318011460,0,134.2936899,0,0,0,171.7,179.15,33,4.55
318011461,0,3785.817964,7.220930255,340.1541684,0.869383412,116.0528226,120.1229839,33.55806452,3.906048387
318011462,0,750.3070207,7,86.33202299,30.5017471,130.7666667,137.1333333,34.73333333,3
318011463,0,33692.93297,6.398813555,21460.45693,0.570741458,104.1440378,117.1303719,34.45729044,3.231641086
318011464,0,471.8844137,0,0,0,174.55,530.7,33,3.95
318011465,0,922.8121015,8.133333297,225.6724101,0.583317384,173.18,433.4237037,32.45111111,4.076296296
318021469,0,171.3034298,9.300000191,22.54377832,6.259258848,187.7,277,33,4.9
318021470,0,162.1676162,7.400000095,96.50648074,11.2022923,181.175,239.375,33.075,3.825
318021471,77.09898768,86.19955079,0,0,0,180.05,242.8,33,3.8
318021475,0,30.79622831,0,0,0,0,0,0,0
318021479,0,12.6800963,0,0,0,0,0,0,0
318021480,485.7078751,34.81643956,7.049999952,63.67297782,6.28490413,177.225,224.0625,33.075,3.7875
318021486,0,183.9652696,7.970000029,38.26700469,1.066676538,176.65625,309.3270833,32.28125,4.414583333
318021489,0,720.7037979,7.16470595,583.5437724,2.368692317,166.3934579,189.8457944,32.75700935,3.842990654
318021582,46.76049946,20.10105624,8.800000191,23.21328449,14.31865705,184.3,241.8,33,4.4
318021583,0,0,0,0,0,184,261.5,33.2,4.1
319011492,0,1.498293575,0,0,0,0,0,0,0
319011493,0,22.03750839,6.400000095,96.14805345,10.01835907,118.0166667,122.55,31.71666667,5.8
319011494,214.8109034,0,0,0,0,114.4666667,118.1666667,32,4.133333333
319011495,0,0,0,0,0,0,0,0,0
319011496,0,89.28956095,0,0,0,122.8,127.3,31.8,5.5
319011497,0,42.02524617,0,0,0,117.8666667,121.5666667,31.9,5.133333333
319011498,0,585.536376,5.776923106,212.1397416,3.309841727,117.531746,121.3460317,32.08253968,4.844444444
319011499,0,635.3823787,5.572222206,358.1723748,1.818583581,104.2637168,107.5442478,32.20707965,4.06460177
319011500,0,0,0,0,0,0,0,0,0
319011501,0,52.74497012,0,0,0,127.2,131.4,31.9,4.3
319011502,0,0,5.900000095,921.5415378,496.9434396,114.6,118.2,31.8,5.2
319021503,0,8254.617502,5.693750006,440.2467303,1.384385001,67.34145786,70.23348519,33.77517084,2.982232346
319021504,0,2521.80134,5.625,33.69587139,0.884089365,101.6844262,105.4778689,32.63114754,3.160655738
319021505,165.2973988,145.0342984,0,0,0,31.05,31.85,32.2,2.85
319021506,0,4137.460313,5.656410242,741.9789426,1.790115,43.34484305,45.10134529,33.15156951,2.986098655
319021507,0,3617.752227,5.952380975,440.3332334,2.199282066,31.71984127,32.89206349,32.38333333,3.073015873
319021508,0,11865.40912,5.720202027,62.15377284,1.047628025,73.89930676,77.15043328,33.4169844,3.20745234
319021509,0,1929.429566,6.18750003,15068.14131,141.1475788,26.53483146,26.75955056,32.05280899,2.858426966
319021510,0,34.07736534,6.033333302,1.474786007,0.419254512,99.67692308,104.2230769,31.93846154,3.507692308
319031511,0,21.62579029,6.710000038,222.8021495,2.447779829,60.04655172,53.04655172,30.8,4.324137931
319031512,0,70.56236038,5.800000191,128.3534647,51.25366342,50.2,46.45,32.45,2.55
319031513,0,19.88134848,0,0,0,44.75,41.35,32.65,2.95
319031514,0,3381.330755,5.904545481,609.8935923,3.613698142,48.03458647,43.2443609,31.68721805,3.098496241
319031515,0,4432.081381,5.66428566,86.5977991,1.492358608,48.02168675,47.91566265,32.4246988,2.837951807
319041516,1547.046784,193.9635463,6.599999905,7.192639003,9.355816846,94.15555556,94.77777778,31.46666667,4.655555556
319041517,1666.447765,0,6.900000095,32.10177567,21.60059809,103,103.8,31.5,3.9
319041518,0,22.03939486,0,0,0,0,0,0,0
319041521,0,1.082800399,0,0,0,94.5,95.9,31.4,5.5
319051522,0,252.0521957,6.804000034,437.3462502,2.88962507,99.76959459,100.0864865,31.27567568,5.083783784
319051523,0,2.717073558,0,0,0,76.85,76.65,31.9,3.75
319051524,354.5920528,91.28709783,6,11.4157808,4.26623601,83.16,83.58,31.88,3.78
319051525,0,2287.138617,6.074285712,1470.044489,7.481976933,71.88542714,71.75075377,32.24271357,3.437688442
319051526,0,4.25313924,0,0,0,80.1,80.55,31.9,3.45
401011001,0,48.87546429,0,0,0,12.3,11.7,30.6,5.5
401021003,0,975.4990912,4.825000048,325.574586,19.28005431,14.29047619,13.73809524,29.93809524,5.666666667
401021004,1155.597622,20.42508226,4.900000095,51.92521894,17.73418402,16.4,15.74,28.84,5.94
401021005,252.9839155,234.9073292,5,112.3968964,31.4335786,15.64,14.92,29.18,5.76
401021006,209.367564,410.2501996,4.900000095,137.5636667,15.90636013,15.09090909,14.54545455,29.62727273,5.563636364
401021007,413.3233455,83.61601482,4.900000095,215.6466267,78.56263633,14.05,13.5,29.95,5.325
401021008,0,1029.85608,4.833333492,79.62893593,7.849283112,13.18181818,12.72727273,30.12272727,5.227272727
401021009,0,90.2067229,0,0,0,13.75,13.3,30.15,5.25
401021010,726.1862958,10.31725166,5.099999905,735.5104567,57.08462548,17.1625,16.4375,28.6,6.0625
401031011,0,0,0,0,0,16,15.2,29.2,6.1
401031012,0,20.11427647,0,0,0,17.5,16.8,28.3,6.3
401041014,0,0,0,0,0,0,0,0,0
401041016,0,0,5.800000191,153.7591998,2202.698855,0,0,0,0
402011025,4313.262411,222.4902105,5.099999905,3.921523129,3.644416049,10.7125,10.3625,32.6,5.175
402011026,1214.797002,155.5057243,5.300000191,137.3094145,31.48141329,11.54,10.86,32.18,5.32
402011027,3777.839745,150.3197525,5,8.29452099,8.18840756,10.01666667,10.2,32.25,5.75
402021029,0,0,5.300000191,179.118146,542.4990103,11.3,10.6,32.3,5.6
402021030,0,0,0,0,0,12.4,11.6,31.8,5.8
402021031,0,8.90091201,0,0,0,0,0,0,0
402021032,0,1.241381341,0,0,0,10.55,10.35,32.4,5.75
402021033,62.13233387,79.33097447,5,87.72544516,26.8801648,13.575,12.725,30.925,5.8
402021035,173.5976398,14.86647175,5.599999905,2.275477012,10.06464585,10.2375,10.2875,31.5125,6.3375
402041043,0,0,0,0,0,0,0,0,0
402041048,0,0,0,0,0,11.1,10.6,32.2,5.7
402041172,0,0,0,0,0,0,0,0,0
402051049,0,0,0,0,0,15,14.1,30.5,5.9
402051055,0,0,0,0,0,0,0,0,0
403031065,0,11.7156485,5.400000095,3583.585875,795.9663483,17.5,16.8,28.3,6.3
403031067,169.4331134,1.3238176,0,0,0,15.9,15.2,28.7,6.5
403041072,0,8.138611416,5.900000095,216.651246,68.09154408,10.65,9.95,28.8,6.45
403041075,725.0311078,81.72623705,5.099999905,211.5041688,41.10535593,14.82857143,14.08571429,28.9,6.142857143
403041076,0,0,0,0,0,16,15.2,28.7,6.5
403041078,0,0,0,0,0,12.85,12.2,29.6,6.3
403041080,0,0,5.800000191,924.9625445,1312.030489,15,14.2,29.2,6.4
403041083,216.36128,143.7391123,5.199999809,521.00707,59.1014829,11.65,11.03333333,29.48333333,6.283333333
403041088,90.31584271,97.57517505,4.900000095,74.8548499,17.63941599,13.77142857,12.91428571,28.42857143,6.128571429
403041089,0,0,0,0,0,0,0,0,0
403041178,0,0,0,0,0,0,0,0,0
404011093,0,0,6.400000095,1753.999684,6640.470843,0,0,0,0
405011110,4007.770431,2647.83692,4.940000057,570.549544,8.126324296,11.72,11.65428571,30.64857143,5.042857143
405011111,15205.38829,2527.142666,5.354545377,18.92773833,4.748137869,10.93770492,10.70655738,32.19672131,4.837704918
405011112,381.3966178,312.4516507,4.900000095,429.2295648,16.7785381,12.01111111,11.65555556,30.94444444,5.355555556
405011113,10807.7332,1976.246871,5.24999994,51.76993127,2.614056405,8.75,8.940909091,32.50681818,5.586363636
405011114,0,98.32385896,5.099999905,7.181032078,23.34212594,10.5,10.45,31.45,4.9
405011115,0,34.27151183,0,0,0,10.75,10.7,31.15,4.95
405021116,1004.960429,291.781584,5.800000191,1.868456121,11.12454104,16.1,15.1,32.175,4.675
405021117,22784.76216,4988.033508,5.543749988,18.79247924,4.287193087,13.70645161,13.19677419,32.29784946,4.596774194
405021118,0,10320.61745,5.174576234,2081.054781,1.696086765,13.35893333,13.90106667,33.64106667,4.337066667
405021119,69541.13976,6886.998635,5.518367359,22.9594176,3.715472619,10.66333333,10.88033333,33.43033333,5.343
405031120,0,7774.607716,5.937931011,142.723303,3.981370877,15,15.52601156,32.99132948,4.811560694
405031121,0,9863.686703,5.451612919,626.3628014,1.907356594,18.61092896,19.54335155,34.00327869,4.718397086
405031123,17448.478,1740.915814,6.073333327,466.6798076,4.328798846,13.78658537,14.29878049,33.90853659,5.880487805
405041124,5512.099997,513.0074894,5.166666667,207.8431726,10.66530909,10.12631579,10.43157895,33.11052632,5.521052632
405041125,3077.156908,64.79392972,5.5,#DIV/0!,6.815062847,10.37777778,10.71666667,32.75555556,5.438888889
405041126,1349.057819,22.30998784,5.799999952,#DIV/0!,7.008513643,10.94,11.34,33.03,6.16
405041127,0,4221.053353,5.162499964,9.515304392,3.376304021,9.178325123,9.164039409,31.46108374,5.235960591
405041128,0,2545.518054,4.714999998,164.3094973,4.104670912,8.998425197,7.6,29.17637795,5.675590551
406011129,712.5810163,640.3374708,5.066666762,0.353658281,1.201222406,19.23571429,20.15714286,31.525,5.132142857
406011130,0,8924.128437,4.946575348,60.16860551,2.597627684,14.98808933,14.6662531,28.591067,5.850620347
406011131,0,7322.498627,5.356338014,141.2587538,2.071896228,18.83540445,19.75275498,32.56330598,5.175967175
406011132,0,7878.694547,5.016363621,21.27018004,1.609708476,17.63481013,18.45411392,31.95743671,5.058227848
406011133,0,48.04081072,0,0,0,14.4,13.35,27.36666667,6.45
406011134,0,6891.247788,4.989215679,40.1712333,0.395584041,17.01046049,17.86355884,31.46884594,5.519044912
406011135,0,14.9999332,5.439138817,5.35138927,0.08016748,17.45526345,18.37140029,36.40931691,4.954900451
406011136,0,0,0,0,0,17.1,18,32.85,7.35
406021138,0,32.17742836,5.217083783,88.44518367,0.080133334,21.43219241,22.55006475,38.28765957,4.772617946
406021139,0,31.47675577,6.199999809,0.000189357,0.594719298,24.93333333,26.26666667,38.7,5.9
406021140,0,6471.330534,5.667588937,1.054739751,0.738929224,20.3674548,21.41147427,34.81293463,5.428094576
406021141,0,20299.93049,7.216757671,112.4958521,0.37416049,19.04475517,20.03821052,39.35579174,4.675597039
406021142,0,85.80170439,5.933333397,0.649173315,9.294979323,18.77333333,19.77333333,34.14,6.733333333
407011144,0,238.0087998,4.633333365,0.033888092,11.37591443,11.21818182,10.98181818,28.58181818,6.281818182
407011145,0,15387.52707,4.104761907,2.178991178,2.035117553,12.58007813,10.69960938,26.14609375,6.10234375
407011146,1296.891155,409.0834731,4.75,4.271757556,16.42661691,11.82222222,11.57777778,30.08888889,5.455555556
407011147,0,3828.509813,4.816666722,0.305127335,3.890171586,11.3225,11.23,29.57375,5.86875
407011148,14.50062849,393.3878828,4.5,5.336614607,10.38510159,12.85714286,12.15714286,27.77142857,6.142857143
407011149,1501.899152,3278.893231,4.728571483,28.66869486,5.135731651,14.53818182,13.35636364,27.06545455,6.154545455
407021150,0,10678.90568,3.806666676,98.4260733,4.367931755,29.88834951,19.37669903,26.59805825,5.302912621
407021151,0,23122.79119,4.236956529,61.5665544,1.816757043,12.38052434,11.06629213,29.30262172,5.297752809
407021152,570.9770709,2518.105964,3.950000048,3.427171708,6.399702898,21.45384615,16.03076923,27.18461538,5.838461538
407021154,670.2474406,2409.185027,0,0,0,15.32,14.22,31.24,4.2
407021155,21129.02317,28260.2642,4.193478294,9.771009606,1.72008092,15.09735849,13.70679245,30.6890566,4.435849057
407021156,0,8350.76909,4.305000043,2.878945253,2.417927155,20.07849462,16.22365591,29.29032258,4.416129032
407021157,0,22249.67293,4.674193551,6.457955992,1.25545046,11.08005319,10.42659574,32.33404255,4.083776596
407021158,0,12027.76722,3.99565222,0.366601075,2.444185332,20.01384615,15.03461538,27.39307692,5.748461538
407021173,138.8281975,405.5919407,0,0,0,30.68,19.82,26.96,4.74
407021174,309.8897347,1013.504793,3.799999952,0.366555645,9.611293489,29.44285714,19.02857143,26.94285714,4.8
407031159,0,6.785443658,4.742857184,0.18355136,2.331339787,7.463265306,7.863265306,35.47142857,3.906122449
407031160,338.1510076,0,0,0,0,0,0,0,0
407031161,0,11448.73547,4.956310705,0.635280041,1.513984562,8.967986799,9.244884488,33.61782178,4.0169967
407031162,816.1540017,1124.33613,5.300000191,0.399507398,9.457769456,7.24,7.64,35.2,3.88
407031163,0,3404.277984,4.993478288,4.961850665,2.511679443,7.440714286,7.836785714,35.20642857,3.882142857
407031164,14235.61162,4808.918801,4.981818214,0.500993656,2.895509369,8.497340426,8.841489362,32.98138298,4.298404255
407031165,989.8170992,317.8153115,4.699999809,0,0,8.928571429,9.328571429,31.4,5.014285714
407031166,0,5873.460751,5.16315784,0.929153295,6.617438366,8.946078431,9.303921569,31.55,5.031372549
407031167,0,0,0,0,0,6.8,7.2,35.3,3.8
407031168,0,153.3061671,5.08888891,4.024145685,3.047771225,7.152941176,7.552941176,35.84313725,3.835294118
407031169,0,19339.19597,5.093975894,0.601107049,1.748211271,9.639227642,9.518292683,30.99857724,5.01402439
407031170,0,3524.782071,4.730769258,1.434338648,1.868016659,8.128526646,8.539184953,35.01567398,4.11661442
501011001,0,2738.024353,7.844444487,81.10388104,1.180821647,39.66752137,14.09059829,25.68205128,5.674358974
501011003,0,2903.822186,8.015384711,34.65643281,1.901198285,32.54864865,10.65675676,27.72702703,5.994594595
501011004,5.427863589,57.977348,8.100000381,9.410219147,7.723495103,36.74285714,13.11428571,25.6,6.1
501011293,310.2415132,358.4888344,9.200000286,100.8340453,50.53848318,23.75,8.7,28.98333333,6.483333333
501011294,442.906781,941.003349,9,0.418772239,6.253199995,28.2,9.6,28.48333333,6.316666667
501021007,0,1973.984207,8.360000038,313.4158285,23.08744658,27.83928571,9.821428571,29.73571429,5.853571429
501021009,0,402.9212724,8.199999942,4747.899246,106.998523,33.37473684,19.26736842,29.89894737,5.092631579
501021010,0,1066.356672,8.133333524,322.1444931,7.277603524,38.99642857,14.76071429,29.68571429,5.660714286
501021014,0,2921.386868,8.233333333,134.2093632,40.9325912,41.14888889,17.02444444,29.90222222,5.548888889
501021016,0,1417.35654,8.499999894,346.9450176,7.683559121,34.25576923,16.42884615,29.88461538,5.521153846
501021252,5.96745494,53.95437236,9.199999809,82.26840579,59.27319857,22.86666667,9.266666667,29.96666667,6.233333333
501021253,0,53.19005144,0,0,0,23.2,10.4,30,6.7
501021254,0,3.633676687,0,0,0,22.9,9.5,30,6.6
501031017,0,14887.51026,8.453658523,23.29910283,1.883063153,18.54545455,14.16277056,28.64458874,4.181385281
501031018,0,1597.980276,8.123529322,411.3218784,3.097768437,34.04352941,13.80588235,29.00588235,4.976470588
501031019,0,952.5131811,8.600000064,4.506153581,3.301260175,23.65882353,17.37058824,26.38823529,4.529411765
501031020,0,4354.681637,8.435789515,1.756831364,0.693332913,27.26170599,18.30018149,25.68892922,5.160980036
502011029,2315.415399,2520.3435,8.000000106,97.8041691,87.02212493,23.46,14.74888889,30.45777778,5.693333333
504021049,0,84.2551785,0,0,0,15.98181818,13.49090909,31.6,5.018181818
504021052,0,10.93313635,7.575000167,0.30641575,8.669144682,17.79444444,14.09444444,30.98888889,5.061111111
504021053,0,0,7.599999905,0.647329861,8.953197574,19.34285714,14.27142857,30.47142857,5.257142857
504031056,0,0,0,0,0,17.3,11.45,31.25,5.95
504031057,0,2.920721133,0,0,0,17.5,12.06666667,31.8,5.766666667
504031058,17.91678051,217.527713,7.550000191,0.151997309,7.395491848,15.88571429,12.55714286,32.00714286,5.314285714
504031060,0,120.9793174,6.950000048,0.895310005,3.4350056,16.03333333,12.74666667,31.26666667,5.14
504031061,0,25.71118717,0,0,0,0,0,0,0
504031062,0,0,9.399999619,2.06085753,647.3880114,17.4,11.3,31.6,5.7
504031065,0,75.14700651,0,0,0,18.2,12.75,31.8,5.5
504031068,2.587893831,23.08144435,7.300000191,0.234628225,14.45337438,17.375,12.7,31.525,5.425
504031299,0,0,0,0,0,17.2,12.4,32.2,5.5
505031100,0,62.73442334,9,41.70217469,167.4423225,17.1,12.8,30.35,6.3
505031107,0.608912861,108.0878072,0,0,0,17.4,12.7,30.76666667,6.1
505031255,0.780961728,0,8.699999809,0.094059132,31.74097662,15.9,12.2,29.9,6.6
505031256,0,283.9635189,7.850000143,2.196452089,8.217092497,15.95238095,12.56666667,30.57142857,6.004761905
505031303,0,37.64065401,9.199999809,0.449845954,180.1264499,17.75,12.55,30.9,6.1
505031305,0,0,0,0,0,17.4,11.6,30.7,6.2
505031306,0,0,0,0,0,17.9,12.6,30.3,6.4
506011110,0,0.350789449,9.300000191,2.479192629,143.7947967,17.13333333,10.36666667,30.6,5.733333333
506011114,0,0,0,0,0,0,0,0,0
506011115,0,0,8.5,0.439517735,85.52229032,18.96666667,12.53333333,29.8,5.666666667
506011116,0,0.620774581,8.199999809,4.260753882,12.64162003,19.3,13.22,29.96,5.44
506011307,0,0,0,0,0,0,0,0,0
506011308,0,111.0542169,0,0,0,16.8,9.866666667,30.5,6
506021309,0,14.35383585,0,0,0,0,0,0,0
506041132,0,50.42517498,0,0,0,0,0,0,0
506041136,0,0,8.600000381,34.50590564,54.18386299,20.06666667,12.83333333,30.2,5.6
506051138,0,0,0,0,0,19.6,11.95,30.95,5.6
506051139,0,0.288327083,0,0,0,18.8,12.1,31.5,5.6
506051141,0,2.681819592,0,0,0,20.78,14.49,30.02,5.34
506061143,0,474.2995012,8.399999619,0.412683616,10.03342179,17.06875,11.15625,30.375,5.5875
506061144,0,821.0830968,8.040000153,1.667785447,9.38460011,17.93333333,13.35,30.09666667,5.48
507011148,0,2.535767445,0,0,0,16.2,9.05,30,6.2
507011152,0,0,0,0,0,0,0,0,0
507011259,0,9.549870445,0,0,0,16.36666667,9.133333333,29.66666667,6.7
507031172,0,0,0,0,0,15.95,9,29.7,6.55
507031261,0.345699042,25.69499652,9.600000381,0.348855734,162.1067506,16.3,9.75,30.15,6.1
507041182,0,0,0,0,0,0,0,0,0
507051312,3.782647124,4.593162197,8.300000191,20.12304326,247.0821095,16.73333333,10.56666667,30.16666667,5.933333333
507051313,0,3.598098549,0,0,0,17.25,11,29.75,6.45
507051314,0,0,0,0,0,17.9,12.25,30,6.25
509011225,0,269.3850008,0,0,0,28.45,21.5,23.75,6.25
509011226,0,10238.22716,7.972500026,0.122052105,1.153808551,24.62782609,21.60478261,24.77869565,5.947826087
509011227,0,20.87549081,0,0,0,28.7,21.9,23.9,6.4
509011228,0,2255.964324,7.804999971,0.178698906,0.793261534,25.99196429,22.49285714,24.65535714,5.925
509011229,0,16910.92389,9.058108124,1.047984693,1.242132749,18.28244994,18.77243816,27.95795053,4.682332155
509011230,31174.1254,7799.939149,9.418181853,0.48205294,2.362863296,14.4527027,14.3472973,29.80540541,4.252702703
509011231,0,42274.58944,9.319767442,6.458472244,1.708745077,15.38607069,14.71392931,28.26361746,4.502910603
509011232,0,92.83182608,8.600000381,2.247188368,22.38561726,28.86666667,22.21111111,23.64444444,6.044444444
509011233,422.2518766,361.116142,7.5,0.457697714,11.1617667,28.18333333,21.73333333,23.86666667,6.45
509011234,0,13074.36321,8.146511599,1.142087992,1.385241533,19.70336134,17.9592437,25.5289916,4.987394958
509021236,10365.9758,1934.180279,7.461538498,10.70498023,3.5841018,14.37230769,12.43076923,32.29692308,5.093846154
509021237,93203.05933,7114.783747,9.807142844,3.591786192,2.431491528,14.12041885,14.63403141,33.32356021,4.512041885
509021238,0,7505.535796,9.449541271,14.01196931,2.20679414,16.54864865,17.26661367,34.20747218,4.806200318
509021239,0,12751.44934,7.569148967,250.4166214,2.016341221,11.98703704,10.465,32.05074074,5.625185185
509021240,113447.5093,9464.405954,8.840217414,0.614416541,2.087684538,17.5148423,18.38367347,32.8257885,4.632096475
509021241,0,10914.45102,8.337007887,1.123003961,1.791424312,14.52978142,14.93497268,34.89084699,4.971038251
509021242,0,8751.858473,6.655907166,8.407392094,0.719259962,26.1014652,27.4474359,33.90769231,4.792417582
509021243,19499.58386,3239.174346,7.892857109,0.705982982,3.649497624,13.95316456,13.30253165,33.40632911,4.632911392
509021244,0,1360.96309,7.341176426,21.6007418,3.116459931,11.91134021,10.6257732,32.61134021,4.834020619
509021245,0,7385.211986,8.384999967,0.463793171,2.294103283,14.09674797,13.29146341,32.80447154,4.612601626
509031246,0,17657.24928,9.059210583,721.4921376,2.206564602,14.63268293,14.29146341,31.87463415,4.54804878
509031247,0,27038.55289,8.810181829,9494.054146,1.753454891,18.19394704,19.02484237,30.63032787,4.406242119
509031248,0,1767.909724,8.191304248,2966.003107,1.895710172,18.77284768,13.81721854,30.30331126,5.078807947
509031249,6481.44841,2688.650673,8.966666857,139.8181992,5.535045144,15.93333333,15.22962963,30.67777778,4.337037037
509031250,0,36710.49512,8.992134844,540.3438978,2.04063215,15.51776938,14.6268431,30.64215501,4.430812854
510011262,0,0,0,0,0,169,981.5,32.6,4.35
510011263,0,17980.46594,4.746178014,2127.885081,0.15291218,182.0400258,488.869184,35.8925769,3.153877325
510011264,0,15077.24829,4.606443305,2332.600793,0.131926264,140.6932914,148.634127,37.94405511,3.881012279
510011265,0,8639.675247,5.084654473,7377.758953,0.209782269,161.2582011,297.8225573,33.9570194,2.914250441
510011266,0,3859.566477,5.140552013,81.94551032,0.129834428,197.7863953,745.8438577,35.1756509,3.435863586
510021267,0,9812.336583,4.62589207,23280.77406,0.239502623,108.0315455,118.8378098,39.68268282,3.884214544
510021268,0,1133.163208,0,0,0,0,0,0,0
510021269,0,661.0118713,0,0,0,133.1,140.0666667,35.85,4.6
510031271,0,6126.976952,5.252590088,11457.93803,0.58055717,124.4038907,130.8474946,39.6132639,3.704480252
510031273,0,6.086975032,5.96124031,11542.39167,6.700178768,119.6767927,125.9361147,38.31134289,3.81851369
511011274,0,2712.16825,7.259999943,26.66300108,1.49239038,28.47692308,28.71923077,25.65384615,6.342307692
511011275,0,16446.31995,7.008655626,2673.078585,0.267102092,29.85649755,31.26553191,27.68134206,4.911554828
511021276,0,424.7495299,8.699999809,111.0959338,12.54896355,8.1,8.46,33.06,6.58
511021277,0,7668.196544,6.395021096,1090.283473,0.161206755,27.74120017,29.171334,38.96242625,4.97660095
511031279,0,0,0,0,0,39.5,41.6,33.4,4.1
511031280,0,18.42082701,0,0,0,39.55,41.65,33.5,4.25
511031282,0,2628.98468,5.240407961,109706.8748,0.422199739,40.14221567,42.24812974,31.57764111,4.410572873
511031283,0,1038.073055,4.994124119,80078.85958,0.200576164,38.72751781,40.7466876,37.38251896,4.539990044
511041285,326.1718888,173.2415007,0,0,0,9.5,9.8,32.8,7
511041286,0,127.4263404,8.699999809,1044.564794,45.67020877,10.45,10.8,32.8,6.65
511041287,1863.605643,145.4119589,7.649999857,73.53635426,3.854378018,9.2,9.466666667,32.64444444,6.777777778
511041289,0,1078.834804,8.026315764,485.8392394,1.836078437,20.6,21.41300813,33.99756098,6.024390244
511041290,0,4637.64105,4.459107901,14393.74638,0.210336316,36.48378756,38.40150478,38.73510832,4.11613324
511041291,0,8296.508461,7.665296788,15710.64069,1.588817215,30.82071146,32.22671937,35.86031621,5.046086957
511041292,0,8098.749863,6.653497953,8733.190664,0.68915988,22.49542484,23.58852578,35.22657952,5.460203341
601011001,0,13.35470067,0,0,0,30.24,31.14,24.58,6
601011002,92.77888275,335.6438783,4.549999952,731.0161956,15.37915361,31.8,33.15,24.675,5.875
601011003,0,9.845377691,0,0,0,32.35,33.25,24.4,6
601021005,41.48175829,20.95509913,4.699999809,296.1614551,33.710283,29.88,31.26,24.5,6.2
601021011,0,0,0,0,0,0,0,0,0
601021012,0,60.86832949,0,0,0,29.16666667,30.53333333,23.6,6.016666667
601031013,0,0,0,0,0,34.9,35.1,24.25,6.2
601031014,0,0,0,0,0,38.45,37.1,23.45,6.05
601031020,39.20614334,0,4.850000143,393.5888115,22.56705988,34.3,34.2,24.26666667,5.833333333
601041022,0,0,5,178.2478595,17.46244893,35.56666667,35.26666667,23.46666667,5.766666667
601041023,0,0,0,0,0,30.5,31.25,23.3,5.95
601041024,0,30.16084245,4.900000095,90.69354975,12.85155231,42.53636364,37.2,22.63636364,5.745454545
601051033,0,0,0,0,0,34.1,34.6,24,6.1
601061034,0,171.9391822,4.625,111.6631877,2.394344088,37.38695652,38.49565217,23.42608696,6.239130435
601061035,0,1059.675383,4.460000038,140.3499852,5.511756632,36.69090909,37.83636364,23.96363636,5.981818182
602011037,0,0,0,0,0,33.9,32.8,26.2,4.2
602011038,0,6.749245973,0,0,0,0,0,0,0
602011039,233.4959866,109.7670464,5.300000191,35.02118646,23.16942217,37,35.5,25.7,4.6
602011041,82.72225723,4.282097856,5.199999809,232.3423561,80.40783052,36.4,34.45,25.65,4.6
602011044,0,14.91024417,0,0,0,36.4,35.1,25.7,4.5
602011045,0,0.725853988,0,0,0,33.6,32.2,26,4.4
602011046,0,111.2071792,0,0,0,38.76666667,37,25.43333333,4.4
602011050,218.8444984,4.354494394,5,50.56564185,9.64483724,35.96666667,34.1,25.83333333,4.433333333
602011052,0,6.489162769,5.199999809,1360.820258,624.0456908,0,0,0,0
602021053,0,370.5819669,5.549999952,3538.852053,143.9782257,38.90588235,35.72352941,24.46470588,5.029411765
602021054,0,4937.16272,5.091999969,85.77078833,1.653782803,90.26049383,57.68765432,21.59567901,4.085185185
602021055,458.6705594,206.697983,5.133333206,34.26990622,4.882134972,43.55217391,39.37391304,24.67391304,4.82173913
602021056,0,1195.746288,4.800000032,713.2652216,15.64292769,37.8125,36.425,25.7125,4.5
602021057,0,2704.363472,5.08571434,130.4995509,7.182281588,43.79761905,39.81904762,24.69047619,4.280952381
602031058,0,1351.287216,5.564285789,64.83655891,3.74822047,46.34074074,42.61111111,23.47160494,4.324691358
602031059,0,869.5337226,5.399999936,970.4454928,6.078504045,39.12173913,35.93913043,24.77826087,4.867391304
602031060,385.1162608,2807.473954,4.699999809,130.6872286,6.472921992,35.34705882,34.35294118,26.02352941,4.129411765
602031061,0,16528.77909,5.388679234,1581.684381,2.614022205,39.53255034,37.79295302,24.31208054,4.116778523
602031062,0,1558.822575,4.950000048,154.6966967,12.13111522,36.26666667,34.90666667,25.89333333,3.88
602031064,0,2937.110857,5.331428541,390.0394376,1.240958942,50.70841584,48.66435644,23.82574257,4.754950495
602031099,0,4012.39942,5.847058773,297.1946539,1.872045818,44.36916667,45.30166667,24.3425,4.903333333
602031100,0,8137.115701,5.522857148,176.8184826,2.462528713,44.39899497,41.47839196,24.4959799,4.588944724
603011065,0,8137.962014,5.232499999,9983.159024,1.737751284,55.76361607,45.44129464,21.8421875,3.802678571
603011066,0,1019.039709,4.976923062,123.1006523,2.831993615,65.3797619,46.83690476,21.70833333,5.058333333
603011067,0,10237.18946,5.180769242,157.599451,2.405428534,34.98484848,35.86969697,24.10666667,4.76
603021069,0,345.1192292,4.966666698,109.6270761,4.97429978,40.564,35.004,21.364,6.136
603021070,0,88.38345852,4.649999857,70.10076293,7.564800953,46.48,38.44666667,22.04666667,6.06
603021071,0,153.8784022,4.75000006,23.25679847,1.5606743,69.94727273,44.26909091,21.30545455,5.910909091
603021072,0,170.6146822,4.887499988,7.104462061,0.86726912,57.95116279,43.55581395,22.18372093,5.376744186
603031073,0,187.6637045,4.966666698,94.13224554,2.125923597,37.28863636,36.675,21.54318182,6.456818182
603031074,0,3127.566014,5.174193536,37.48670564,1.041662266,39.94480519,41.27402597,23.96233766,5.674025974
604011075,0,1.397567956,0,0,0,0,0,0,0
604011076,0,1640.449548,4.826666641,1428.123722,10.78830048,90.46941176,60.85647059,22.33176471,4.845882353
604011077,0,0.437526905,0,0,0,0,0,0,0
604011078,0,54.72233991,0,0,0,54.55,47.15,23.9,5.55
604011079,63.68230846,131.7671763,0,0,0,53.83333333,46.66666667,23.86666667,5.5
604011081,0,33.16015301,0,0,0,56.2,48,23.8,5.3
604011082,150.1647209,88.72711939,4.699999809,81.68985144,98.91304456,50.5,43.7,24.3,5.3
604011083,0,9.271475173,0,0,0,48.1,42.4,24.5,5.4
604011084,67.09892311,80.09429546,4.900000095,2.586454989,5.204283259,57.9,49,23.7,5.45
604021086,0,131.2173507,5.300000191,0,0,45,38.8,24.4,6
604021087,372.4524691,609.4180724,4.75,461.6595893,35.11086407,51.79230769,40.89230769,24.21538462,4.930769231
604021088,0,31.42765204,0,0,0,46.2,40,24.3,5.7
604021089,0,733.943682,5.199999968,55.2337912,6.483318233,43.6,37.96190476,24.23333333,5.371428571
604021090,0,18.48006715,0,0,0,48.2,41.2,24.4,5.3
604021091,0,1128.541166,4.887499928,85.52021448,4.809806083,97.92173913,65.9115942,22.18405797,4.439130435
604021092,49.91358915,170.0823238,4.699999809,33.5405895,21.18695002,53.9,43.95714286,23.92857143,5.185714286
604031093,0,5215.232299,3.936363654,403.1150492,3.402558832,39.54769231,39.69846154,23.07538462,5.346153846
604031094,0,8874.370921,5.01428574,122.8869366,0.914997934,81.15118644,57.26372881,22.5420339,5.584067797
604031095,24.91576609,1436.16563,4.950000048,2.811590167,0.713951227,54.74,47.3,23.38,5.66
604031096,0,1192.366406,5.055555476,5831.308934,5.245039249,115.1185185,73.97962963,21.67453704,5.009259259
604031097,0,86.31241201,5.074999961,5303.326269,3.451370776,131.648374,94.64227642,21.43902439,5.660162602
701021012,0,0,0,0,0,133,876.1,31.8,3.65
701031031,0,0,8.199999809,50.62044143,6.122610514,132.3666667,818.95,31.85,3.633333333
701031032,0,0.003361782,7.400000095,22.39218517,1.501953048,132.2375,727.7625,32,3.3625
701031033,0,288.3908758,8.71818187,44.45818574,3.502148949,131.5433962,762.1,31.93396226,3.426415094
701031034,0,0,8.100000381,33.61235884,10.4131126,133.25,782.15,31.9,3.75
701031035,0,468.1421422,7.44000001,2530.090586,3.95697488,132.5283582,675.3328358,32.12238806,3.140298507
702011045,0,9.030671663,5.900000095,64.93253988,75.73502817,10.1,10.6,38.2,2.4
702011049,0,217.81915,0,0,0,9.6,10.1,38.25,2.45
702011050,0,4782.580791,5.81780822,908.827032,0.201376009,17.85161398,18.77540071,39.73027605,3.403261354
702011051,0,21.37964206,6.150000095,198.9645766,12.62888556,8.933333333,9.433333333,38.47777778,2.344444444
702011052,0,9075.504761,6.261369624,481.2247479,0.311146531,25.72116855,27.06254206,39.31134904,2.794799633
702011053,0,2256.804068,4.96876112,604.3146968,0.138161607,76.69134408,80.67735907,38.878314,3.912362666
702011054,0,1828.181937,5.439999992,296.5542548,0.208030583,20.36333333,21.40738292,38.12892562,3.504545455
702021055,0,33816.20962,6.576524392,15792.90303,0.134838688,104.616343,127.3602336,38.35387387,3.373633634
702031057,0,5468.732388,6.643416371,60365.52915,0.730125352,133.8459408,602.7753304,32.68590308,2.52152297
702031058,0,4013.112538,6.433910048,3678.278324,0.352164668,141.3917409,510.6875223,33.26458705,2.525252525
702031061,0,175.8442666,5.733818196,532.7458124,0.097313779,133.0517824,404.6164478,32.41738587,2.507879925
702051065,0,11481.31224,5.139842716,3552.373257,0.271281385,151.6302679,254.7662277,35.02060268,2.189642857
702051066,0,1030.709516,5.138295174,501.8532223,0.132608685,160.6482851,415.1920267,35.3063029,2.809242762
702051067,0,778.2646751,5.478688537,220.6855872,0.434115688,146.5739496,324.4495798,34.64929972,2.108963585
702051068,0,33307.5221,5.343424538,351.7351748,0.124358074,172.57316,217.3378498,36.13985706,2.850456204
801011012,0,1.027191058,12.39999962,68.77275646,201.9579721,46.2,48.4,31,3.5
801011111,0,39.28592418,0,0,0,48.95,51.35,31.05,3.45
801011144,0,16.56810517,0,0,0,0,0,0,0
801031032,31.16376924,9.351744141,13.39999962,5.231853901,12.8435725,43.6,45.73333333,29.36666667,3.9
801031113,9.692864898,20.27719261,0,0,0,46.7,49,30.45,3.55
801031114,0,2.535767445,0,0,0,0,0,0,0
801031115,9.538363634,28.05361259,13.19999981,0,0,42.125,44.15,30.2,3.575
801041043,0,5.873888713,0,0,0,0,0,0,0
801061070,0,0,0,0,0,47.3,49.6,30.7,3.7
801061130,0,10.32374636,0,0,0,43,45.1,30.6,3.4
801071089,0,0,0,0,0,51.725,54.25,29.325,3.925
801071132,0,3.96865973,0,0,0,0,0,0,0
801081091,0,0.024965715,0,0,0,0,0,0,0
801081095,0,22.23225342,0,0,0,51.7,54.2,30.7,3.5
801111140,0,747.2891411,12.02000008,175.8492971,9.986541064,55.175,57.625,30.075,3.729166667
801111141,0,16.50011538,11.35833335,5.029744796,0.711039162,52.66119403,54.61343284,26.98656716,4.271641791
